ISO-10303-21;
HEADER;
FILE_DESCRIPTION (( 'STEP AP214' ),
    '1' );
FILE_NAME ('Hub-12-Eixo6_aluminio.STEP',
    '2023-06-16T15:43:16',
    ( '' ),
    ( '' ),
    '',
    '',
    '' );
FILE_SCHEMA (( 'AUTOMOTIVE_DESIGN' ));
ENDSEC;

DATA;
#1 = DIRECTION ( 'NONE',  ( 1.982541115402065110E-16, -0.000000000000000000, -1.000000000000000000 ) ) ;
#2 = DIRECTION ( 'NONE',  ( -0.000000000000000000, -0.000000000000000000, 1.000000000000000000 ) ) ;
#3 = DIRECTION ( 'NONE',  ( 1.000000000000000000, 0.000000000000000000, 0.000000000000000000 ) ) ;
#4 = AXIS2_PLACEMENT_3D ( 'NONE', #864, #1184, #874 ) ;
#5 = DIRECTION ( 'NONE',  ( -1.000000000000000000, 0.000000000000000000, 0.000000000000000000 ) ) ;
#6 = DIRECTION ( 'NONE',  ( -1.000000000000000000, 0.000000000000000000, 0.000000000000000000 ) ) ;
#7 = EDGE_CURVE ( 'NONE', #1288, #53, #451, .T. ) ;
#8 = SURFACE_STYLE_USAGE ( .BOTH. , #1263 ) ;
#9 = CARTESIAN_POINT ( 'NONE',  ( 1.650142790199301990, 2.505399928507281437, 4.891790753533760139 ) ) ;
#10 = PRESENTATION_LAYER_ASSIGNMENT (  '', '', ( #89 ) ) ;
#11 = B_SPLINE_CURVE_WITH_KNOTS ( 'NONE', 3,
 ( #1193, #856, #792, #936 ),
 .UNSPECIFIED., .F., .F.,
 ( 4, 4 ),
 ( 0.005835091853001353294, 0.007096632735174707857 ),
 .UNSPECIFIED. ) ;
#12 = UNCERTAINTY_MEASURE_WITH_UNIT (LENGTH_MEASURE( 1.000000000000000082E-05 ), #1040, 'distance_accuracy_value', 'NONE');
#13 = ADVANCED_FACE ( 'NONE', ( #136 ), #189, .F. ) ;
#14 = CARTESIAN_POINT ( 'NONE',  ( 1.319848749700647916, 7.638359291437422094, 3.986360116582063018 ) ) ;
#15 = DIRECTION ( 'NONE',  ( -0.000000000000000000, -0.000000000000000000, -1.000000000000000000 ) ) ;
#16 = ORIENTED_EDGE ( 'NONE', *, *, #836, .T. ) ;
#17 = DIRECTION ( 'NONE',  ( -0.000000000000000000, -0.000000000000000000, -1.000000000000000000 ) ) ;
#18 = CARTESIAN_POINT ( 'NONE',  ( 0.1102908755513541256, 3.000000000000006661, 3.349999999999990763 ) ) ;
#19 = CARTESIAN_POINT ( 'NONE',  ( -0.2156638528694567736, 7.749999999999999112, 3.350000000000007194 ) ) ;
#20 = ORIENTED_EDGE ( 'NONE', *, *, #474, .T. ) ;
#21 = AXIS2_PLACEMENT_3D ( 'NONE', #1195, #1201, #154 ) ;
#22 = DIRECTION ( 'NONE',  ( 1.000000000000000000, 0.000000000000000000, 0.000000000000000000 ) ) ;
#23 = CARTESIAN_POINT ( 'NONE',  ( 1.595388075625633340, 2.540747834330790766, 15.43489556063664914 ) ) ;
#24 = EDGE_CURVE ( 'NONE', #563, #703, #566, .T. ) ;
#25 = ADVANCED_FACE ( 'NONE', ( #1014 ), #116, .F. ) ;
#26 = EDGE_LOOP ( 'NONE', ( #31, #508, #876 ) ) ;
#27 = VERTEX_POINT ( 'NONE', #1325 ) ;
#28 = CARTESIAN_POINT ( 'NONE',  ( 0.000000000000000000, 0.000000000000000000, 26.00000000000000355 ) ) ;
#29 = CARTESIAN_POINT ( 'NONE',  ( -7.450000000000002842, 9.123618653647785104E-16, 0.000000000000000000 ) ) ;
#30 = VERTEX_POINT ( 'NONE', #998 ) ;
#31 = ORIENTED_EDGE ( 'NONE', *, *, #534, .T. ) ;
#32 = CARTESIAN_POINT ( 'NONE',  ( 6.349603415350504321, 1.002164276700058920, 35.00000000000000000 ) ) ;
#33 =( NAMED_UNIT ( * ) SI_UNIT ( $, .STERADIAN. ) SOLID_ANGLE_UNIT ( ) );
#34 = LINE ( 'NONE', #845, #526 ) ;
#35 = ORIENTED_EDGE ( 'NONE', *, *, #1048, .F. ) ;
#36 = LINE ( 'NONE', #559, #522 ) ;
#37 = ORIENTED_EDGE ( 'NONE', *, *, #341, .T. ) ;
#38 = DIRECTION ( 'NONE',  ( -0.8660254037844388186, 0.4999999999999998335, 0.000000000000000000 ) ) ;
#39 = CARTESIAN_POINT ( 'NONE',  ( 0.1115233977348867450, 2.999999999999996891, 6.649999999999995914 ) ) ;
#40 = CARTESIAN_POINT ( 'NONE',  ( -3.464101615137761048, -5.999999999999997335, 35.00000000000000000 ) ) ;
#41 = B_SPLINE_CURVE_WITH_KNOTS ( 'NONE', 3,
 ( #536, #764, #364, #1233 ),
 .UNSPECIFIED., .F., .F.,
 ( 4, 4 ),
 ( 0.01096354251179439999, 0.01222506330953066975 ),
 .UNSPECIFIED. ) ;
#42 = CONICAL_SURFACE ( 'NONE', #297, 6.928203230275516766, 0.7853981633974439491 ) ;
#43 = EDGE_CURVE ( 'NONE', #27, #363, #1009, .T. ) ;
#44 = VERTEX_POINT ( 'NONE', #988 ) ;
#45 = CARTESIAN_POINT ( 'NONE',  ( 2.367687963076832049E-16, 2.999999999999996003, 6.649999999999995026 ) ) ;
#46 = DIRECTION ( 'NONE',  ( 1.000000000000000000, -6.259644161404825517E-16, 0.000000000000000000 ) ) ;
#47 = CYLINDRICAL_SURFACE ( 'NONE', #1312, 2.999999999999996003 ) ;
#48 = DIRECTION ( 'NONE',  ( -0.7071067811865443531, 0.000000000000000000, -0.7071067811865506814 ) ) ;
#49 = CARTESIAN_POINT ( 'NONE',  ( 7.749999999999998224, 9.491012693391985815E-16, 28.69999999999999929 ) ) ;
#50 = ORIENTED_EDGE ( 'NONE', *, *, #555, .T. ) ;
#51 = CARTESIAN_POINT ( 'NONE',  ( -0.2171969062987891830, 7.747688291785211234, 6.639239866431499770 ) ) ;
#52 = SURFACE_STYLE_FILL_AREA ( #248 ) ;
#53 = VERTEX_POINT ( 'NONE', #354 ) ;
#54 = CARTESIAN_POINT ( 'NONE',  ( -1.480093234309654227, 2.609922020503533613, 15.73730803661931432 ) ) ;
#55 = DIRECTION ( 'NONE',  ( 1.000000000000000000, 0.000000000000000000, 0.000000000000000000 ) ) ;
#56 = VECTOR ( 'NONE', #1110, 1000.000000000000000 ) ;
#57 = AXIS2_PLACEMENT_3D ( 'NONE', #520, #655, #949 ) ;
#58 = LINE ( 'NONE', #617, #531 ) ;
#59 = CARTESIAN_POINT ( 'NONE',  ( -0.2216742737739628155, 2.993738217953339387, 3.361310507659419855 ) ) ;
#60 = SURFACE_SIDE_STYLE ('',( #164 ) ) ;
#61 = FACE_BOUND ( 'NONE', #1232, .T. ) ;
#62 = CARTESIAN_POINT ( 'NONE',  ( 1.441543151928124322, 7.615215767490687071, 5.831030650965125517 ) ) ;
#63 = CARTESIAN_POINT ( 'NONE',  ( -1.565508062311406601, 7.590353002787497694, 15.53227233950196151 ) ) ;
#64 = CONICAL_SURFACE ( 'NONE', #983, 7.450000000000002842, 0.7853981633974425058 ) ;
#65 = CARTESIAN_POINT ( 'NONE',  ( -4.042701430062749068, -4.997835723299965061, 35.00000000000000000 ) ) ;
#66 = CARTESIAN_POINT ( 'NONE',  ( 3.464101615137754830, -6.000000000000001776, 29.00000000000000355 ) ) ;
#67 = DIRECTION ( 'NONE',  ( -0.000000000000000000, -0.000000000000000000, -1.000000000000000000 ) ) ;
#68 = ORIENTED_EDGE ( 'NONE', *, *, #719, .T. ) ;
#69 = ORIENTED_EDGE ( 'NONE', *, *, #1241, .F. ) ;
#70 = VECTOR ( 'NONE', #359, 1000.000000000000000 ) ;
#71 = EDGE_LOOP ( 'NONE', ( #35, #412, #878, #96 ) ) ;
#72 = APPLICATION_CONTEXT ( 'automotive_design' ) ;
#73 = LINE ( 'NONE', #957, #539 ) ;
#74 = ORIENTED_EDGE ( 'NONE', *, *, #882, .T. ) ;
#75 = B_SPLINE_CURVE_WITH_KNOTS ( 'NONE', 3,
 ( #384, #400, #301, #1285 ),
 .UNSPECIFIED., .F., .F.,
 ( 4, 4 ),
 ( 0.005009730341086283782, 0.006262577370382429662 ),
 .UNSPECIFIED. ) ;
#76 = CARTESIAN_POINT ( 'NONE',  ( -0.7403187877913760540, 2.908983744496505874, 6.478499237390692223 ) ) ;
#77 = ORIENTED_EDGE ( 'NONE', *, *, #1008, .T. ) ;
#78 = VECTOR ( 'NONE', #589, 1000.000000000000000 ) ;
#79 = DIRECTION ( 'NONE',  ( 1.000000000000000000, 0.000000000000000000, 0.000000000000000000 ) ) ;
#80 = FILL_AREA_STYLE_COLOUR ( '', #700 ) ;
#81 = FACE_OUTER_BOUND ( 'NONE', #810, .T. ) ;
#82 = ORIENTED_EDGE ( 'NONE', *, *, #234, .T. ) ;
#83 = FACE_OUTER_BOUND ( 'NONE', #1022, .T. ) ;
#84 = ORIENTED_EDGE ( 'NONE', *, *, #320, .F. ) ;
#85 = EDGE_CURVE ( 'NONE', #369, #581, #125, .T. ) ;
#86 = FACE_BOUND ( 'NONE', #182, .T. ) ;
#87 = ORIENTED_EDGE ( 'NONE', *, *, #1216, .T. ) ;
#88 = CARTESIAN_POINT ( 'NONE',  ( 0.5331316950381121966, 7.732289870681832156, 16.56523479985827763 ) ) ;
#89 = STYLED_ITEM ( 'NONE', ( #1122 ), #580 ) ;
#90 = CARTESIAN_POINT ( 'NONE',  ( -1.606826347777807751, 7.582072552132933296, 14.56679818378288616 ) ) ;
#91 = CIRCLE ( 'NONE', #419, 7.450000000000002842 ) ;
#92 = VERTEX_POINT ( 'NONE', #399 ) ;
#93 = B_SPLINE_CURVE_WITH_KNOTS ( 'NONE', 3,
 ( #901, #480, #496, #656 ),
 .UNSPECIFIED., .F., .F.,
 ( 4, 4 ),
 ( 0.01096354251179436703, 0.01222506330953062811 ),
 .UNSPECIFIED. ) ;
#94 = DIRECTION ( 'NONE',  ( -0.000000000000000000, -0.000000000000000000, -1.000000000000000000 ) ) ;
#95 = ADVANCED_FACE ( 'NONE', ( #126 ), #621, .T. ) ;
#96 = ORIENTED_EDGE ( 'NONE', *, *, #387, .T. ) ;
#97 = CIRCLE ( 'NONE', #771, 6.428203230275520319 ) ;
#98 =( NAMED_UNIT ( * ) SI_UNIT ( $, .STERADIAN. ) SOLID_ANGLE_UNIT ( ) );
#99 = EDGE_LOOP ( 'NONE', ( #453, #1181, #68 ) ) ;
#100 = CARTESIAN_POINT ( 'NONE',  ( 0.5324654053738459014, 7.732333882457693264, 13.43455092258732186 ) ) ;
#101 = DIRECTION ( 'NONE',  ( 0.000000000000000000, 0.000000000000000000, 1.000000000000000000 ) ) ;
#102 = ORIENTED_EDGE ( 'NONE', *, *, #592, .T. ) ;
#103 = CARTESIAN_POINT ( 'NONE',  ( -7.449999999999992184, 0.000000000000000000, 29.00000000000000355 ) ) ;
#104 = ORIENTED_EDGE ( 'NONE', *, *, #834, .T. ) ;
#105 = DIRECTION ( 'NONE',  ( 0.000000000000000000, 0.000000000000000000, 1.000000000000000000 ) ) ;
#106 = EDGE_CURVE ( 'NONE', #799, #832, #162, .T. ) ;
#107 = ORIENTED_EDGE ( 'NONE', *, *, #1230, .F. ) ;
#108 = EDGE_CURVE ( 'NONE', #146, #1033, #174, .T. ) ;
#109 = CARTESIAN_POINT ( 'NONE',  ( 0.4281531419203526978, 7.738886825147477388, 6.597120335899859356 ) ) ;
#110 = DIRECTION ( 'NONE',  ( 1.000000000000000000, 0.000000000000000000, 0.000000000000000000 ) ) ;
#111 = ORIENTED_EDGE ( 'NONE', *, *, #1296, .F. ) ;
#112 = ORIENTED_EDGE ( 'NONE', *, *, #555, .F. ) ;
#113 = CARTESIAN_POINT ( 'NONE',  ( 7.749999999999998224, 9.491012693391985815E-16, 0.2999999999999991007 ) ) ;
#114 = SURFACE_STYLE_FILL_AREA ( #310 ) ;
#115 = DIRECTION ( 'NONE',  ( 0.000000000000000000, 0.000000000000000000, -1.000000000000000000 ) ) ;
#116 = CYLINDRICAL_SURFACE ( 'NONE', #519, 1.649999999999993472 ) ;
#117 = ORIENTED_EDGE ( 'NONE', *, *, #487, .F. ) ;
#118 = PRESENTATION_LAYER_ASSIGNMENT (  '', '', ( #695 ) ) ;
#119 = DIRECTION ( 'NONE',  ( -0.4999999999999991118, 0.8660254037844391517, 0.000000000000000000 ) ) ;
#120 = EDGE_LOOP ( 'NONE', ( #356, #1317, #672, #747 ) ) ;
#121 = AXIS2_PLACEMENT_3D ( 'NONE', #40, #1266, #571 ) ;
#122 = CARTESIAN_POINT ( 'NONE',  ( 3.464101615137754830, -6.000000000000001776, 35.00000000000000000 ) ) ;
#123 = FILL_AREA_STYLE_COLOUR ( '', #985 ) ;
#124 = EDGE_CURVE ( 'NONE', #913, #873, #1085, .T. ) ;
#125 = LINE ( 'NONE', #1053, #587 ) ;
#126 = FACE_OUTER_BOUND ( 'NONE', #367, .T. ) ;
#127 = CARTESIAN_POINT ( 'NONE',  ( -6.839766848137125566E-15, 0.000000000000000000, 34.50000000000000000 ) ) ;
#128 = CYLINDRICAL_SURFACE ( 'NONE', #784, 2.999999999999996003 ) ;
#129 = CARTESIAN_POINT ( 'NONE',  ( 2.999999999999993783, 3.673940397442052472E-16, 26.00000000000000355 ) ) ;
#130 = ADVANCED_FACE ( 'NONE', ( #627 ), #1129, .F. ) ;
#131 = VERTEX_POINT ( 'NONE', #1305 ) ;
#132 =( NAMED_UNIT ( * ) PLANE_ANGLE_UNIT ( ) SI_UNIT ( $, .RADIAN. ) );
#133 = CARTESIAN_POINT ( 'NONE',  ( 0.000000000000000000, 0.000000000000000000, 29.00000000000000355 ) ) ;
#134 = EDGE_LOOP ( 'NONE', ( #1321, #298, #1192 ) ) ;
#135 = MECHANICAL_DESIGN_GEOMETRIC_PRESENTATION_REPRESENTATION (  '', ( #413 ), #586 ) ;
#136 = FACE_OUTER_BOUND ( 'NONE', #562, .T. ) ;
#137 = CARTESIAN_POINT ( 'NONE',  ( 0.000000000000000000, 7.749999999999996447, 29.00000000000000355 ) ) ;
#138 = DIRECTION ( 'NONE',  ( -1.000000000000000000, 0.000000000000000000, 0.000000000000000000 ) ) ;
#139 =( GEOMETRIC_REPRESENTATION_CONTEXT ( 3 ) GLOBAL_UNCERTAINTY_ASSIGNED_CONTEXT ( ( #176 ) ) GLOBAL_UNIT_ASSIGNED_CONTEXT ( ( #895, #1137, #538 ) ) REPRESENTATION_CONTEXT ( 'NONE', 'WORKASPACE' ) );
#140 = ORIENTED_EDGE ( 'NONE', *, *, #1267, .F. ) ;
#141 = DIRECTION ( 'NONE',  ( 1.982541115402065110E-16, -0.000000000000000000, -1.000000000000000000 ) ) ;
#142 = CARTESIAN_POINT ( 'NONE',  ( 1.595388075625632673, 2.540747834330791655, 5.434895560636646472 ) ) ;
#143 = EDGE_CURVE ( 'NONE', #518, #444, #186, .T. ) ;
#144 = ADVANCED_FACE ( 'NONE', ( #633 ), #635, .T. ) ;
#145 = CARTESIAN_POINT ( 'NONE',  ( -1.311688884070867589, 7.638432586656890955, 3.993271670545550212 ) ) ;
#146 = VERTEX_POINT ( 'NONE', #294 ) ;
#147 = VERTEX_POINT ( 'NONE', #1203 ) ;
#148 = ORIENTED_EDGE ( 'NONE', *, *, #1029, .F. ) ;
#149 = CARTESIAN_POINT ( 'NONE',  ( 0.000000000000000000, 0.000000000000000000, 0.3000000000000012101 ) ) ;
#150 = CARTESIAN_POINT ( 'NONE',  ( -6.928203230275507885, 3.469446951953613400E-15, 35.00000000000000000 ) ) ;
#151 = EDGE_LOOP ( 'NONE', ( #927, #1283, #452, #410 ) ) ;
#152 = CIRCLE ( 'NONE', #4, 7.749999999999998224 ) ;
#153 = CIRCLE ( 'NONE', #527, 3.299999999999997158 ) ;
#154 = DIRECTION ( 'NONE',  ( 1.000000000000000000, 0.000000000000000000, 0.000000000000000000 ) ) ;
#155 = CARTESIAN_POINT ( 'NONE',  ( -9.473862448111952965E-14, 3.000000000000522249, 3.349999999999051070 ) ) ;
#156 = FACE_OUTER_BOUND ( 'NONE', #180, .T. ) ;
#157 = ORIENTED_EDGE ( 'NONE', *, *, #191, .T. ) ;
#158 = CONICAL_SURFACE ( 'NONE', #866, 6.928203230275516766, 0.7853981633974439491 ) ;
#159 = AXIS2_PLACEMENT_3D ( 'NONE', #1016, #101, #1133 ) ;
#160 = CONICAL_SURFACE ( 'NONE', #1092, 6.928203230275516766, 0.7853981633974439491 ) ;
#161 = EDGE_LOOP ( 'NONE', ( #607, #1238 ) ) ;
#162 = LINE ( 'NONE', #339, #1072 ) ;
#163 = CARTESIAN_POINT ( 'NONE',  ( 0.2173961765822449432, 7.747678037244107863, 3.360809561932439404 ) ) ;
#164 = SURFACE_STYLE_FILL_AREA ( #898 ) ;
#165 = CARTESIAN_POINT ( 'NONE',  ( 1.301042606982605321E-15, 7.750000000000011546, 15.00000000000000178 ) ) ;
#166 = ORIENTED_EDGE ( 'NONE', *, *, #717, .F. ) ;
#167 = VECTOR ( 'NONE', #1269, 1000.000000000000000 ) ;
#168 = EDGE_CURVE ( 'NONE', #1025, #373, #215, .T. ) ;
#169 = CARTESIAN_POINT ( 'NONE',  ( -4.042701430062749068, -4.997835723299965061, 35.00000000000000000 ) ) ;
#170 = CARTESIAN_POINT ( 'NONE',  ( 1.438136015893540343, 2.634583603357220749, 5.836729349887484375 ) ) ;
#171 = FACE_OUTER_BOUND ( 'NONE', #26, .T. ) ;
#172 = PLANE ( 'NONE',  #121 ) ;
#173 = ORIENTED_EDGE ( 'NONE', *, *, #748, .T. ) ;
#174 = LINE ( 'NONE', #435, #651 ) ;
#175 = CIRCLE ( 'NONE', #1307, 1.649999999999998357 ) ;
#176 = UNCERTAINTY_MEASURE_WITH_UNIT (LENGTH_MEASURE( 1.000000000000000082E-05 ), #895, 'distance_accuracy_value', 'NONE');
#177 = CARTESIAN_POINT ( 'NONE',  ( -7.749999999999998224, 0.000000000000000000, 28.69999999999999929 ) ) ;
#178 = DIRECTION ( 'NONE',  ( 0.000000000000000000, 0.000000000000000000, -1.000000000000000000 ) ) ;
#179 = EDGE_LOOP ( 'NONE', ( #402, #50, #441 ) ) ;
#180 = EDGE_LOOP ( 'NONE', ( #670, #1086, #705 ) ) ;
#181 = AXIS2_PLACEMENT_3D ( 'NONE', #1013, #609, #1224 ) ;
#182 = EDGE_LOOP ( 'NONE', ( #228, #74 ) ) ;
#183 = DIRECTION ( 'NONE',  ( 1.000000000000000000, 0.000000000000000000, 0.000000000000000000 ) ) ;
#184 = CARTESIAN_POINT ( 'NONE',  ( -1.639420715287294827, 7.574645912638469980, 5.215476025962267670 ) ) ;
#185 = COLOUR_RGB ( '',0.8941176470588234615, 0.9137254901960784048, 0.9294117647058823817 ) ;
#186 = LINE ( 'NONE', #66, #1109 ) ;
#187 = ORIENTED_EDGE ( 'NONE', *, *, #1204, .T. ) ;
#188 = CARTESIAN_POINT ( 'NONE',  ( -1.311183896473270050, 2.699112877854345172, 16.00724990379656987 ) ) ;
#189 = PLANE ( 'NONE',  #209 ) ;
#190 = DIRECTION ( 'NONE',  ( -1.000000000000000000, 0.000000000000000000, 0.000000000000000000 ) ) ;
#191 = EDGE_CURVE ( 'NONE', #444, #1033, #615, .T. ) ;
#192 = ORIENTED_EDGE ( 'NONE', *, *, #736, .T. ) ;
#193 = CARTESIAN_POINT ( 'NONE',  ( -0.4358573088794194250, 2.970123971753375169, 3.404860149624167498 ) ) ;
#194 = SURFACE_STYLE_USAGE ( .BOTH. , #60 ) ;
#195 = B_SPLINE_CURVE_WITH_KNOTS ( 'NONE', 3,
 ( #199, #1035, #1245, #109, #624, #436, #529, #1218, #828, #652, #62, #317, #1047, #445, #1268, #280, #545, #924, #14, #288, #1101, #1260, #383, #256, #262, #163, #349, #787 ),
 .UNSPECIFIED., .F., .F.,
 ( 4, 2, 2, 2, 2, 2, 2, 2, 2, 2, 2, 2, 2, 4 ),
 ( 1.193307461740976444E-18, 0.0003233429751644472478, 0.0006466859503288934115, 0.0009700289254933395751, 0.001293371900657785956, 0.001940057850986678500, 0.002586743801315571478, 0.002910086776480018834, 0.003233429751644467057, 0.003880115701973362204, 0.004203458677137809560, 0.004526801652302256916, 0.004850144627466705140, 0.005173487602631152496 ),
 .UNSPECIFIED. ) ;
#196 = ORIENTED_EDGE ( 'NONE', *, *, #857, .F. ) ;
#197 = ORIENTED_EDGE ( 'NONE', *, *, #788, .F. ) ;
#198 = CONICAL_SURFACE ( 'NONE', #246, 6.928203230275516766, 0.7853981633974439491 ) ;
#199 = CARTESIAN_POINT ( 'NONE',  ( 8.605606931402034189E-16, 7.749999999999998224, 6.649999999999995026 ) ) ;
#200 = CARTESIAN_POINT ( 'NONE',  ( -0.2171969062987907650, 7.747688291785210346, 16.63923986643150599 ) ) ;
#201 = CARTESIAN_POINT ( 'NONE',  ( -1.012789066607280075, 2.825405681287052051, 16.30697318436006782 ) ) ;
#202 = DIRECTION ( 'NONE',  ( 1.000000000000000000, -6.259644161404824531E-16, 0.000000000000000000 ) ) ;
#203 = ORIENTED_EDGE ( 'NONE', *, *, #534, .F. ) ;
#204 = AXIS2_PLACEMENT_3D ( 'NONE', #372, #701, #467 ) ;
#205 = ORIENTED_EDGE ( 'NONE', *, *, #684, .F. ) ;
#206 = ORIENTED_EDGE ( 'NONE', *, *, #143, .T. ) ;
#207 = CARTESIAN_POINT ( 'NONE',  ( -6.547654977355438000, -0.6591289087891304410, 34.85784968980861009 ) ) ;
#208 = CYLINDRICAL_SURFACE ( 'NONE', #699, 1.649999999999993472 ) ;
#209 = AXIS2_PLACEMENT_3D ( 'NONE', #1011, #803, #902 ) ;
#210 = CIRCLE ( 'NONE', #159, 7.449999999999992184 ) ;
#211 = CARTESIAN_POINT ( 'NONE',  ( 1.649913832612912135, 7.572336782837004066, 15.21658882667668777 ) ) ;
#212 = ORIENTED_EDGE ( 'NONE', *, *, #1069, .F. ) ;
#213 = CARTESIAN_POINT ( 'NONE',  ( -0.5406254505476258965, 2.952666818359471534, 13.43729582400348832 ) ) ;
#214 = DIRECTION ( 'NONE',  ( 0.000000000000000000, 0.000000000000000000, 1.000000000000000000 ) ) ;
#215 = LINE ( 'NONE', #29, #1076 ) ;
#216 = ADVANCED_FACE ( 'NONE', ( #630 ), #208, .F. ) ;
#217 = ORIENTED_EDGE ( 'NONE', *, *, #460, .F. ) ;
#218 =( NAMED_UNIT ( * ) PLANE_ANGLE_UNIT ( ) SI_UNIT ( $, .RADIAN. ) );
#219 = DIRECTION ( 'NONE',  ( 0.000000000000000000, 0.000000000000000000, 1.000000000000000000 ) ) ;
#220 = CONICAL_SURFACE ( 'NONE', #961, 6.928203230275516766, 0.7853981633974439491 ) ;
#221 = CARTESIAN_POINT ( 'NONE',  ( -1.649626902885499069, 2.505739666911154018, 4.777981283542924729 ) ) ;
#222 = DIRECTION ( 'NONE',  ( -1.000000000000000000, 0.000000000000000000, 0.000000000000000000 ) ) ;
#223 = ORIENTED_EDGE ( 'NONE', *, *, #991, .F. ) ;
#224 = SHAPE_DEFINITION_REPRESENTATION ( #928, #1326 ) ;
#225 = FILL_AREA_STYLE_COLOUR ( '', #1185 ) ;
#226 = AXIS2_PLACEMENT_3D ( 'NONE', #1240, #1324, #236 ) ;
#227 = LINE ( 'NONE', #625, #710 ) ;
#228 = ORIENTED_EDGE ( 'NONE', *, *, #1230, .T. ) ;
#229 = FILL_AREA_STYLE_COLOUR ( '', #663 ) ;
#230 = PRESENTATION_LAYER_ASSIGNMENT (  '', '', ( #443 ) ) ;
#231 = ORIENTED_EDGE ( 'NONE', *, *, #1145, .T. ) ;
#232 = LINE ( 'NONE', #344, #238 ) ;
#233 = CARTESIAN_POINT ( 'NONE',  ( 0.4295887307191721405, 7.738813189942390203, 13.40323454687803562 ) ) ;
#234 = EDGE_CURVE ( 'NONE', #305, #92, #1044, .T. ) ;
#235 = CARTESIAN_POINT ( 'NONE',  ( -0.8325222769889628616, 7.707726775616336568, 16.44069771246363842 ) ) ;
#236 = DIRECTION ( 'NONE',  ( -1.000000000000000000, 0.000000000000000000, 0.000000000000000000 ) ) ;
#237 = SURFACE_SIDE_STYLE ('',( #114 ) ) ;
#238 = VECTOR ( 'NONE', #851, 1000.000000000000000 ) ;
#239 = LINE ( 'NONE', #702, #689 ) ;
#240 = CARTESIAN_POINT ( 'NONE',  ( 1.565671994542738865, 7.590320312866147390, 14.46810786131448268 ) ) ;
#241 = DIRECTION ( 'NONE',  ( 0.8660254037844391517, 0.4999999999999991118, -0.000000000000000000 ) ) ;
#242 = ADVANCED_FACE ( 'NONE', ( #1054 ), #172, .F. ) ;
#243 = ORIENTED_EDGE ( 'NONE', *, *, #7, .F. ) ;
#244 = VECTOR ( 'NONE', #595, 1000.000000000000000 ) ;
#245 = B_SPLINE_CURVE_WITH_KNOTS ( 'NONE', 3,
 ( #1138, #723, #207, #889 ),
 .UNSPECIFIED., .F., .F.,
 ( 4, 4 ),
 ( 0.005835091853001350692, 0.007096632735174658417 ),
 .UNSPECIFIED. ) ;
#246 = AXIS2_PLACEMENT_3D ( 'NONE', #437, #374, #6 ) ;
#247 = CARTESIAN_POINT ( 'NONE',  ( 2.999999999999996003, 3.673940397442054938E-16, 0.3000000000000012101 ) ) ;
#248 = FILL_AREA_STYLE ('',( #407 ) ) ;
#249 = ORIENTED_EDGE ( 'NONE', *, *, #108, .T. ) ;
#250 = VECTOR ( 'NONE', #887, 1000.000000000000000 ) ;
#251 = EDGE_CURVE ( 'NONE', #669, #995, #1046, .T. ) ;
#252 = ORIENTED_EDGE ( 'NONE', *, *, #1204, .F. ) ;
#253 = CARTESIAN_POINT ( 'NONE',  ( 2.999999999999996003, 3.673940397442054938E-16, 0.3000000000000012101 ) ) ;
#254 = FACE_OUTER_BOUND ( 'NONE', #501, .T. ) ;
#255 = SURFACE_STYLE_FILL_AREA ( #491 ) ;
#256 = CARTESIAN_POINT ( 'NONE',  ( 0.5324654053738436810, 7.732333882457693264, 3.434550922587323196 ) ) ;
#257 = CARTESIAN_POINT ( 'NONE',  ( -7.749999999999998224, 0.000000000000000000, 0.2999999999999991007 ) ) ;
#258 = DIRECTION ( 'NONE',  ( 0.000000000000000000, 0.000000000000000000, 1.000000000000000000 ) ) ;
#259 = CARTESIAN_POINT ( 'NONE',  ( 0.4350266824948684219, 2.970246927155649086, 6.595368267785697292 ) ) ;
#260 = CARTESIAN_POINT ( 'NONE',  ( 6.548028542993497680, -0.6584818741240515694, 34.85758156533239571 ) ) ;
#261 = ORIENTED_EDGE ( 'NONE', *, *, #473, .T. ) ;
#262 = CARTESIAN_POINT ( 'NONE',  ( 0.4295887307191698645, 7.738813189942392867, 3.403234546878034283 ) ) ;
#263 = DIRECTION ( 'NONE',  ( -1.000000000000000000, 0.000000000000000000, 0.000000000000000000 ) ) ;
#264 = EDGE_CURVE ( 'NONE', #681, #654, #210, .T. ) ;
#265 = CARTESIAN_POINT ( 'NONE',  ( 1.563165282552654967, 2.561028573579807510, 4.460853821351029147 ) ) ;
#266 = CARTESIAN_POINT ( 'NONE',  ( 4.336808689942017736E-16, 7.750000000000011546, 5.000000000000000888 ) ) ;
#267 = VECTOR ( 'NONE', #202, 1000.000000000000000 ) ;
#268 = VECTOR ( 'NONE', #1249, 1000.000000000000114 ) ;
#269 = DIRECTION ( 'NONE',  ( 1.982541115402065110E-16, -0.000000000000000000, -1.000000000000000000 ) ) ;
#270 = DIRECTION ( 'NONE',  ( 0.5000000000000001110, 0.8660254037844385966, 0.000000000000000000 ) ) ;
#271 = FACE_OUTER_BOUND ( 'NONE', #976, .T. ) ;
#272 = CARTESIAN_POINT ( 'NONE',  ( 0.000000000000000000, 0.000000000000000000, 0.3000000000000012101 ) ) ;
#273 = DIRECTION ( 'NONE',  ( -0.000000000000000000, -0.000000000000000000, 1.000000000000000000 ) ) ;
#274 = VECTOR ( 'NONE', #17, 1000.000000000000000 ) ;
#275 = VERTEX_POINT ( 'NONE', #918 ) ;
#276 = CONICAL_SURFACE ( 'NONE', #494, 2.999999999999996003, 0.7853981633974482790 ) ;
#277 = AXIS2_PLACEMENT_3D ( 'NONE', #352, #775, #385 ) ;
#278 = ADVANCED_FACE ( 'NONE', ( #657 ), #158, .T. ) ;
#279 = FACE_OUTER_BOUND ( 'NONE', #134, .T. ) ;
#280 = CARTESIAN_POINT ( 'NONE',  ( 1.596943975712530106, 7.583715273340142282, 4.571118492395665811 ) ) ;
#281 = CARTESIAN_POINT ( 'NONE',  ( 7.749999999999998224, 9.491012693391985815E-16, 0.000000000000000000 ) ) ;
#282 = STYLED_ITEM ( 'NONE', ( #599 ), #25 ) ;
#283 = CIRCLE ( 'NONE', #1236, 6.428203230275520319 ) ;
#284 = CARTESIAN_POINT ( 'NONE',  ( -6.938893903907228378E-15, 0.000000000000000000, 35.00000000000000000 ) ) ;
#285 = FACE_BOUND ( 'NONE', #335, .T. ) ;
#286 = CONICAL_SURFACE ( 'NONE', #1310, 6.928203230275516766, 0.7853981633974439491 ) ;
#287 = ORIENTED_EDGE ( 'NONE', *, *, #893, .T. ) ;
#288 = CARTESIAN_POINT ( 'NONE',  ( 1.089957778737621341, 7.673363042849142168, 3.756523552935236765 ) ) ;
#289 = CARTESIAN_POINT ( 'NONE',  ( 3.464101615137754830, -6.000000000000001776, 35.00000000000000000 ) ) ;
#290 = ORIENTED_EDGE ( 'NONE', *, *, #415, .F. ) ;
#291 = FACE_OUTER_BOUND ( 'NONE', #795, .T. ) ;
#292 = DIRECTION ( 'NONE',  ( -1.000000000000000000, 0.000000000000000000, 0.000000000000000000 ) ) ;
#293 = CARTESIAN_POINT ( 'NONE',  ( 6.928203230275509661, 0.000000000000000000, 35.00000000000000000 ) ) ;
#294 = CARTESIAN_POINT ( 'NONE',  ( 3.464101615137756163, 6.000000000000003553, 34.50000000000000000 ) ) ;
#295 = UNCERTAINTY_MEASURE_WITH_UNIT (LENGTH_MEASURE( 1.000000000000000082E-05 ), #315, 'distance_accuracy_value', 'NONE');
#296 = LINE ( 'NONE', #1177, #299 ) ;
#297 = AXIS2_PLACEMENT_3D ( 'NONE', #127, #269, #575 ) ;
#298 = ORIENTED_EDGE ( 'NONE', *, *, #917, .T. ) ;
#299 = VECTOR ( 'NONE', #94, 1000.000000000000000 ) ;
#300 = CARTESIAN_POINT ( 'NONE',  ( 0.000000000000000000, 0.000000000000000000, 0.000000000000000000 ) ) ;
#301 = CARTESIAN_POINT ( 'NONE',  ( -2.700924787477269273, -5.999999999999998224, 34.85859625900773295 ) ) ;
#302 = FACE_OUTER_BOUND ( 'NONE', #179, .T. ) ;
#303 = EDGE_CURVE ( 'NONE', #783, #832, #734, .T. ) ;
#304 = PLANE ( 'NONE',  #1250 ) ;
#305 = VERTEX_POINT ( 'NONE', #662 ) ;
#306 = CARTESIAN_POINT ( 'NONE',  ( -1.649900491107522571, 7.572339689935973617, 14.78142901029181111 ) ) ;
#307 = SURFACE_STYLE_FILL_AREA ( #919 ) ;
#308 = CONICAL_SURFACE ( 'NONE', #226, 6.928203230275516766, 0.7853981633974439491 ) ;
#309 = CARTESIAN_POINT ( 'NONE',  ( -1.011585046722118131, 2.825829358174572370, 13.69211970551116764 ) ) ;
#310 = FILL_AREA_STYLE ('',( #123 ) ) ;
#311 = DIRECTION ( 'NONE',  ( 0.4999999999999991118, -0.8660254037844391517, 0.000000000000000000 ) ) ;
#312 = EDGE_LOOP ( 'NONE', ( #611, #1147, #173, #396 ) ) ;
#313 = LINE ( 'NONE', #715, #753 ) ;
#314 = CARTESIAN_POINT ( 'NONE',  ( -3.650910328775013980, -5.676437816683688631, 34.68680871363731200 ) ) ;
#315 =( LENGTH_UNIT ( ) NAMED_UNIT ( * ) SI_UNIT ( .MILLI., .METRE. ) );
#316 = AXIS2_PLACEMENT_3D ( 'NONE', #28, #421, #1116 ) ;
#317 = CARTESIAN_POINT ( 'NONE',  ( 1.606284805220717038, 7.582176928087781320, 5.434174764618387776 ) ) ;
#318 = VECTOR ( 'NONE', #1319, 1000.000000000000000 ) ;
#319 = DIRECTION ( 'NONE',  ( -1.000000000000000000, -4.131365146527196852E-15, 0.000000000000000000 ) ) ;
#320 = EDGE_CURVE ( 'NONE', #785, #92, #638, .T. ) ;
#321 = DIRECTION ( 'NONE',  ( 0.4999999999999998335, 0.8660254037844388186, -0.000000000000000000 ) ) ;
#322 = FILL_AREA_STYLE_COLOUR ( '', #1136 ) ;
#323 = DIRECTION ( 'NONE',  ( -0.5000000000000001110, -0.8660254037844385966, 0.000000000000000000 ) ) ;
#324 = CARTESIAN_POINT ( 'NONE',  ( -1.311183896473271604, 2.699112877854344728, 6.007249903796571644 ) ) ;
#325 = CARTESIAN_POINT ( 'NONE',  ( -0.7313343139533217130, 7.716059999630058286, 13.51702589024730727 ) ) ;
#326 = CARTESIAN_POINT ( 'NONE',  ( -1.649999999999998357, 2.020667218593130536E-16, 35.00000000000000000 ) ) ;
#327 = CARTESIAN_POINT ( 'NONE',  ( -6.938893903907228378E-15, 0.000000000000000000, 35.00000000000000000 ) ) ;
#328 = EDGE_LOOP ( 'NONE', ( #1257, #231 ) ) ;
#329 = DIRECTION ( 'NONE',  ( -1.000000000000000000, 0.000000000000000000, 0.000000000000000000 ) ) ;
#330 = B_SPLINE_CURVE_WITH_KNOTS ( 'NONE', 3,
 ( #653, #1090, #867, #763, #1261, #380, #850, #350, #1277, #925, #23, #1165, #1252, #1335, #447, #462, #360, #773, #546, #468, #768, #937, #576, #1061, #568, #392 ),
 .UNSPECIFIED., .F., .F.,
 ( 4, 2, 2, 2, 2, 2, 2, 2, 2, 2, 2, 2, 4 ),
 ( 2.442400857322321562E-19, 0.0003293982331213042222, 0.0006587964662426081192, 0.001317592932485220142, 0.001976389398727831839, 0.002305787631849137796, 0.002635185864970443319, 0.002964584098091749276, 0.003293982331213054799, 0.003952778797455664545, 0.004611575263698276458, 0.004940973496819580681, 0.005270371729940885770 ),
 .UNSPECIFIED. ) ;
#331 = CARTESIAN_POINT ( 'NONE',  ( 0.2168236411083424575, 7.747688165771390523, 16.63923640422535399 ) ) ;
#332 = CARTESIAN_POINT ( 'NONE',  ( -0.2156638528694553858, 7.750000000000001776, 13.35000000000001030 ) ) ;
#333 = ADVANCED_FACE ( 'NONE', ( #1082 ), #1174, .F. ) ;
#334 = CARTESIAN_POINT ( 'NONE',  ( -3.464101615137754386, 6.000000000000000888, 34.50000000000000711 ) ) ;
#335 = EDGE_LOOP ( 'NONE', ( #982, #69 ) ) ;
#336 = CARTESIAN_POINT ( 'NONE',  ( 0.1078601513308624082, 7.749999999999996447, 13.35000000000000497 ) ) ;
#337 = PRODUCT ( 'Hub-12-Eixo6_aluminio', 'Hub-12-Eixo6_aluminio', '', ( #1146 ) ) ;
#338 = CARTESIAN_POINT ( 'NONE',  ( 4.042701430062758838, 4.997835723299948185, 35.00000000000000000 ) ) ;
#339 = CARTESIAN_POINT ( 'NONE',  ( 1.301042606982605321E-15, 7.750000000000011546, 16.64999999999999503 ) ) ;
#340 = AXIS2_PLACEMENT_3D ( 'NONE', #790, #978, #875 ) ;
#341 = EDGE_CURVE ( 'NONE', #1301, #1091, #152, .T. ) ;
#342 = CARTESIAN_POINT ( 'NONE',  ( -0.2225006256119007597, 2.999999999999996891, 6.649999999999993250 ) ) ;
#343 = PLANE ( 'NONE',  #929 ) ;
#344 = CARTESIAN_POINT ( 'NONE',  ( -2.999999999999996003, 0.000000000000000000, 0.000000000000000000 ) ) ;
#345 = DIRECTION ( 'NONE',  ( 1.000000000000000000, 0.000000000000000000, 0.000000000000000000 ) ) ;
#346 = CARTESIAN_POINT ( 'NONE',  ( 6.928203230275511437, 8.673617379884035472E-16, 34.50000000000000000 ) ) ;
#347 = ADVANCED_FACE ( 'NONE', ( #647 ), #620, .T. ) ;
#348 = SURFACE_SIDE_STYLE ('',( #1099 ) ) ;
#349 = CARTESIAN_POINT ( 'NONE',  ( 0.1078601513308613535, 7.750000000000000000, 3.350000000000007638 ) ) ;
#350 = CARTESIAN_POINT ( 'NONE',  ( 1.317366967758204943, 2.700123793766282088, 16.01562861584261199 ) ) ;
#351 = AXIS2_PLACEMENT_3D ( 'NONE', #149, #454, #1198 ) ;
#352 = CARTESIAN_POINT ( 'NONE',  ( 0.000000000000000000, 0.000000000000000000, 0.2999999999999991007 ) ) ;
#353 = CARTESIAN_POINT ( 'NONE',  ( 1.638753189643447516, 2.512996349567284682, 5.221100076760164299 ) ) ;
#354 = CARTESIAN_POINT ( 'NONE',  ( 6.928203230275511437, 8.673617379884035472E-16, 34.50000000000000000 ) ) ;
#355 = AXIS2_PLACEMENT_3D ( 'NONE', #826, #853, #55 ) ;
#356 = ORIENTED_EDGE ( 'NONE', *, *, #882, .F. ) ;
#357 = CIRCLE ( 'NONE', #1187, 1.649999999999999023 ) ;
#358 = MECHANICAL_DESIGN_GEOMETRIC_PRESENTATION_REPRESENTATION (  '', ( #1219 ), #1074 ) ;
#359 = DIRECTION ( 'NONE',  ( -0.000000000000000000, 1.000000000000000000, -0.000000000000000000 ) ) ;
#360 = CARTESIAN_POINT ( 'NONE',  ( 1.563165282552656521, 2.561028573579806622, 14.46085382135103004 ) ) ;
#361 = EDGE_LOOP ( 'NONE', ( #498, #20, #489, #855 ) ) ;
#362 = LINE ( 'NONE', #293, #809 ) ;
#363 = VERTEX_POINT ( 'NONE', #965 ) ;
#364 = CARTESIAN_POINT ( 'NONE',  ( 3.088148223164746131, -6.000000000000001776, 34.68797669598651368 ) ) ;
#365 = CARTESIAN_POINT ( 'NONE',  ( 1.018415852720573556, 2.826483060082631837, 3.684777221108611833 ) ) ;
#366 = DIRECTION ( 'NONE',  ( -0.000000000000000000, 1.000000000000000000, -0.000000000000000000 ) ) ;
#367 = EDGE_LOOP ( 'NONE', ( #644, #572, #1071, #1065 ) ) ;
#368 = ORIENTED_EDGE ( 'NONE', *, *, #1205, .F. ) ;
#369 = VERTEX_POINT ( 'NONE', #455 ) ;
#370 =( GEOMETRIC_REPRESENTATION_CONTEXT ( 3 ) GLOBAL_UNCERTAINTY_ASSIGNED_CONTEXT ( ( #752 ) ) GLOBAL_UNIT_ASSIGNED_CONTEXT ( ( #511, #393, #98 ) ) REPRESENTATION_CONTEXT ( 'NONE', 'WORKASPACE' ) );
#371 = VERTEX_POINT ( 'NONE', #778 ) ;
#372 = CARTESIAN_POINT ( 'NONE',  ( 0.000000000000000000, 0.000000000000000000, 0.000000000000000000 ) ) ;
#373 = VERTEX_POINT ( 'NONE', #257 ) ;
#374 = DIRECTION ( 'NONE',  ( 1.982541115402065110E-16, -0.000000000000000000, -1.000000000000000000 ) ) ;
#375 = ADVANCED_FACE ( 'NONE', ( #1060 ), #343, .F. ) ;
#376 = AXIS2_PLACEMENT_3D ( 'NONE', #1050, #1077, #110 ) ;
#377 = FILL_AREA_STYLE_COLOUR ( '', #1244 ) ;
#378 = AXIS2_PLACEMENT_3D ( 'NONE', #813, #1130, #738 ) ;
#379 = PRESENTATION_LAYER_ASSIGNMENT (  '', '', ( #1219 ) ) ;
#380 = CARTESIAN_POINT ( 'NONE',  ( 0.8398737079879321499, 2.887247100089995300, 16.43660877620998306 ) ) ;
#381 = DIRECTION ( 'NONE',  ( 1.000000000000000000, 0.000000000000000000, -0.000000000000000000 ) ) ;
#382 = CARTESIAN_POINT ( 'NONE',  ( 1.316496772519068159, 2.700558013810020697, 3.983231562677992166 ) ) ;
#383 = CARTESIAN_POINT ( 'NONE',  ( 0.7318654763529234275, 7.716014489504663842, 3.517258233401769907 ) ) ;
#384 = CARTESIAN_POINT ( 'NONE',  ( -3.464101615137751722, -6.000000000000014211, 34.50000000000000000 ) ) ;
#385 = DIRECTION ( 'NONE',  ( 1.000000000000000000, 0.000000000000000000, 0.000000000000000000 ) ) ;
#386 = CARTESIAN_POINT ( 'NONE',  ( 1.649999999999999023, 0.000000000000000000, 35.00000000000000000 ) ) ;
#387 = EDGE_CURVE ( 'NONE', #1235, #843, #1049, .T. ) ;
#388 = CARTESIAN_POINT ( 'NONE',  ( -1.090020415446348867, 7.673348595870955968, 3.756649136506025499 ) ) ;
#389 = B_SPLINE_CURVE_WITH_KNOTS ( 'NONE', 3,
 ( #999, #409, #619, #827 ),
 .UNSPECIFIED., .F., .F.,
 ( 4, 4 ),
 ( 0.01180370603271965572, 0.01306259297129505614 ),
 .UNSPECIFIED. ) ;
#390 = CLOSED_SHELL ( 'NONE', ( #1275, #513, #862, #1038, #25, #556, #1332, #1265, #1186, #459, #846, #13, #130, #786, #242, #333, #375, #914, #922, #144, #1254, #869, #1087, #750, #216, #95, #959, #347, #676, #661, #418, #951, #690, #278 ) ) ;
#391 = DIRECTION ( 'NONE',  ( 0.000000000000000000, 0.000000000000000000, 1.000000000000000000 ) ) ;
#392 = CARTESIAN_POINT ( 'NONE',  ( -9.387126336351658552E-14, 3.000000000000522249, 13.34999999999905107 ) ) ;
#393 =( NAMED_UNIT ( * ) PLANE_ANGLE_UNIT ( ) SI_UNIT ( $, .RADIAN. ) );
#394 = AXIS2_PLACEMENT_3D ( 'NONE', #552, #2, #950 ) ;
#395 = CARTESIAN_POINT ( 'NONE',  ( -1.441612271221714314, 7.615205240819960864, 15.83112658825635144 ) ) ;
#396 = ORIENTED_EDGE ( 'NONE', *, *, #341, .F. ) ;
#397 = CARTESIAN_POINT ( 'NONE',  ( -1.243048568814709487, 2.731551874828728188, 16.09016946834946182 ) ) ;
#398 = EDGE_CURVE ( 'NONE', #92, #305, #1051, .T. ) ;
#399 = CARTESIAN_POINT ( 'NONE',  ( 2.999999999999993783, 3.673940397442052472E-16, 26.00000000000000355 ) ) ;
#400 = CARTESIAN_POINT ( 'NONE',  ( -3.088092036638505622, -5.999999999999997335, 34.68800478924964636 ) ) ;
#401 = VERTEX_POINT ( 'NONE', #561 ) ;
#402 = ORIENTED_EDGE ( 'NONE', *, *, #789, .F. ) ;
#403 = CARTESIAN_POINT ( 'NONE',  ( -6.928203230275523872, 0.000000000000000000, 34.50000000000000000 ) ) ;
#404 =( NAMED_UNIT ( * ) PLANE_ANGLE_UNIT ( ) SI_UNIT ( $, .RADIAN. ) );
#405 = ORIENTED_EDGE ( 'NONE', *, *, #1112, .T. ) ;
#406 = CARTESIAN_POINT ( 'NONE',  ( -1.094344760371719794, 2.794446889067648598, 3.760639168233321783 ) ) ;
#407 = FILL_AREA_STYLE_COLOUR ( '', #980 ) ;
#408 = CARTESIAN_POINT ( 'NONE',  ( 0.000000000000000000, 0.000000000000000000, 0.000000000000000000 ) ) ;
#409 = CARTESIAN_POINT ( 'NONE',  ( -6.548028542993513668, 0.6584818741240261453, 34.85758156533239571 ) ) ;
#410 = ORIENTED_EDGE ( 'NONE', *, *, #521, .F. ) ;
#411 = B_SPLINE_CURVE_WITH_KNOTS ( 'NONE', 3,
 ( #338, #865, #839, #434 ),
 .UNSPECIFIED., .F., .F.,
 ( 4, 4 ),
 ( 0.01180370603271964532, 0.01306259297129504747 ),
 .UNSPECIFIED. ) ;
#412 = ORIENTED_EDGE ( 'NONE', *, *, #614, .T. ) ;
#413 = STYLED_ITEM ( 'NONE', ( #692 ), #556 ) ;
#414 = CARTESIAN_POINT ( 'NONE',  ( 0.7318654763529253149, 7.716014489504662066, 13.51725823340176902 ) ) ;
#415 = EDGE_CURVE ( 'NONE', #1301, #581, #1089, .T. ) ;
#416 = CARTESIAN_POINT ( 'NONE',  ( -0.2216742737739619828, 2.993738217953339831, 13.36131050765942341 ) ) ;
#417 = FILL_AREA_STYLE ('',( #80 ) ) ;
#418 = ADVANCED_FACE ( 'NONE', ( #171 ), #198, .T. ) ;
#419 = AXIS2_PLACEMENT_3D ( 'NONE', #811, #755, #345 ) ;
#420 = CARTESIAN_POINT ( 'NONE',  ( -6.928203230275507885, 3.469446951953613400E-15, 29.00000000000000355 ) ) ;
#421 = DIRECTION ( 'NONE',  ( -0.000000000000000000, -0.000000000000000000, -1.000000000000000000 ) ) ;
#422 = CARTESIAN_POINT ( 'NONE',  ( 1.318737653778648378, 7.638519444531604030, 16.01463484672967752 ) ) ;
#423 = CARTESIAN_POINT ( 'NONE',  ( -1.639420715287293717, 7.574645912638468204, 15.21547602596226234 ) ) ;
#424 = CARTESIAN_POINT ( 'NONE',  ( 1.301042606982605321E-15, 7.750000000000011546, 15.00000000000000178 ) ) ;
#425 = STYLED_ITEM ( 'NONE', ( #1021 ), #1326 ) ;
#426 = VERTEX_POINT ( 'NONE', #694 ) ;
#427 = ORIENTED_EDGE ( 'NONE', *, *, #1296, .T. ) ;
#428 = UNCERTAINTY_MEASURE_WITH_UNIT (LENGTH_MEASURE( 1.000000000000000082E-05 ), #871, 'distance_accuracy_value', 'NONE');
#429 = PRESENTATION_LAYER_ASSIGNMENT (  '', '', ( #282 ) ) ;
#430 = ORIENTED_EDGE ( 'NONE', *, *, #1023, .T. ) ;
#431 = CARTESIAN_POINT ( 'NONE',  ( -0.5406254505476275618, 2.952666818359471090, 3.437295824003488764 ) ) ;
#432 = EDGE_CURVE ( 'NONE', #799, #147, #330, .T. ) ;
#433 = EDGE_CURVE ( 'NONE', #703, #563, #650, .T. ) ;
#434 = CARTESIAN_POINT ( 'NONE',  ( 3.464101615137756163, 6.000000000000003553, 34.50000000000000000 ) ) ;
#435 = CARTESIAN_POINT ( 'NONE',  ( 3.464101615137741064, 6.000000000000029310, 35.00000000000000000 ) ) ;
#436 = CARTESIAN_POINT ( 'NONE',  ( 0.7328224645426451023, 7.715925562365459456, 6.482282233045802755 ) ) ;
#437 = CARTESIAN_POINT ( 'NONE',  ( -6.839766848137125566E-15, 0.000000000000000000, 34.50000000000000000 ) ) ;
#438 = ORIENTED_EDGE ( 'NONE', *, *, #483, .F. ) ;
#439 = DIRECTION ( 'NONE',  ( -1.000000000000000000, 0.000000000000000000, 0.000000000000000000 ) ) ;
#440 = SURFACE_SIDE_STYLE ('',( #52 ) ) ;
#441 = ORIENTED_EDGE ( 'NONE', *, *, #560, .T. ) ;
#442 = AXIS2_PLACEMENT_3D ( 'NONE', #137, #1059, #1163 ) ;
#443 = STYLED_ITEM ( 'NONE', ( #1063 ), #216 ) ;
#444 = VERTEX_POINT ( 'NONE', #584 ) ;
#445 = CARTESIAN_POINT ( 'NONE',  ( 1.650042887231718103, 7.572308661975844402, 4.892691733691406419 ) ) ;
#446 = EDGE_CURVE ( 'NONE', #805, #518, #1057, .T. ) ;
#447 = CARTESIAN_POINT ( 'NONE',  ( 1.638933144191432767, 2.512878473155485626, 14.78016445249734012 ) ) ;
#448 = CARTESIAN_POINT ( 'NONE',  ( 6.357475908535142356E-16, 7.750000000000011546, 3.350000000000007194 ) ) ;
#449 = CARTESIAN_POINT ( 'NONE',  ( 1.595655557182086071, 2.540579346293161844, 4.566049701107449010 ) ) ;
#450 = CARTESIAN_POINT ( 'NONE',  ( -1.565508062311406379, 7.590353002787496806, 5.532272339501955294 ) ) ;
#451 = B_SPLINE_CURVE_WITH_KNOTS ( 'NONE', 3,
 ( #1256, #260, #756, #346 ),
 .UNSPECIFIED., .F., .F.,
 ( 4, 4 ),
 ( 0.01180370603271962450, 0.01306259297129502839 ),
 .UNSPECIFIED. ) ;
#452 = ORIENTED_EDGE ( 'NONE', *, *, #398, .T. ) ;
#453 = ORIENTED_EDGE ( 'NONE', *, *, #934, .T. ) ;
#454 = DIRECTION ( 'NONE',  ( 0.000000000000000000, 0.000000000000000000, -1.000000000000000000 ) ) ;
#455 = CARTESIAN_POINT ( 'NONE',  ( 7.450000000000002842, 0.000000000000000000, 0.000000000000000000 ) ) ;
#456 = MECHANICAL_DESIGN_GEOMETRIC_PRESENTATION_REPRESENTATION (  '', ( #1064 ), #639 ) ;
#457 = CARTESIAN_POINT ( 'NONE',  ( -3.464101615137754386, 6.000000000000000888, 29.00000000000000355 ) ) ;
#458 = CARTESIAN_POINT ( 'NONE',  ( 1.317366967758204277, 2.700123793766282976, 6.015628615842621763 ) ) ;
#459 = ADVANCED_FACE ( 'NONE', ( #704, #1126, #1142 ), #1134, .T. ) ;
#460 = EDGE_CURVE ( 'NONE', #146, #913, #1217, .T. ) ;
#461 = DIRECTION ( 'NONE',  ( -0.5000000000000001110, -0.8660254037844385966, 0.000000000000000000 ) ) ;
#462 = CARTESIAN_POINT ( 'NONE',  ( 1.595655557182087181, 2.540579346293160512, 14.56604970110745256 ) ) ;
#463 = DIRECTION ( 'NONE',  ( -1.000000000000000000, 0.000000000000000000, 0.000000000000000000 ) ) ;
#464 = CARTESIAN_POINT ( 'NONE',  ( 0.000000000000000000, 0.000000000000000000, 35.00000000000000000 ) ) ;
#465 = DIRECTION ( 'NONE',  ( -0.000000000000000000, -0.000000000000000000, -1.000000000000000000 ) ) ;
#466 = MECHANICAL_DESIGN_GEOMETRIC_PRESENTATION_REPRESENTATION (  '', ( #425 ), #841 ) ;
#467 = DIRECTION ( 'NONE',  ( 1.000000000000000000, 0.000000000000000000, -0.000000000000000000 ) ) ;
#468 = CARTESIAN_POINT ( 'NONE',  ( 1.018415852720573556, 2.826483060082630949, 13.68477722110860917 ) ) ;
#469 = PRESENTATION_LAYER_ASSIGNMENT (  '', '', ( #413 ) ) ;
#470 = DIRECTION ( 'NONE',  ( -1.000000000000000000, 0.000000000000000000, 0.000000000000000000 ) ) ;
#471 = DIRECTION ( 'NONE',  ( 0.000000000000000000, 0.000000000000000000, 1.000000000000000000 ) ) ;
#472 = CARTESIAN_POINT ( 'NONE',  ( -1.015975618718663043, 7.684645381253680796, 6.317667656846372104 ) ) ;
#473 = EDGE_CURVE ( 'NONE', #947, #518, #698, .T. ) ;
#474 = EDGE_CURVE ( 'NONE', #92, #563, #239, .T. ) ;
#475 = CARTESIAN_POINT ( 'NONE',  ( 2.306901985287695300, 6.000000000000023981, 35.00000000000000000 ) ) ;
#476 = CARTESIAN_POINT ( 'NONE',  ( 0.000000000000000000, 0.000000000000000000, 0.3000000000000012101 ) ) ;
#477 = CARTESIAN_POINT ( 'NONE',  ( -3.844276302419758817, -5.341518125875966305, 34.85758156533238861 ) ) ;
#478 = CARTESIAN_POINT ( 'NONE',  ( 1.638933144191431879, 2.512878473155486514, 4.780164452497338345 ) ) ;
#479 = CARTESIAN_POINT ( 'NONE',  ( -1.242192424957685670, 7.650188308742624343, 3.908659606163692235 ) ) ;
#480 = CARTESIAN_POINT ( 'NONE',  ( -2.703761859257618916, 6.000000000000004441, 34.85757811345636981 ) ) ;
#481 = DIRECTION ( 'NONE',  ( 0.7071067811865434649, 0.000000000000000000, 0.7071067811865516806 ) ) ;
#482 = DIRECTION ( 'NONE',  ( 1.000000000000000000, 0.000000000000000000, 0.000000000000000000 ) ) ;
#483 = EDGE_CURVE ( 'NONE', #591, #1119, #227, .T. ) ;
#484 = CARTESIAN_POINT ( 'NONE',  ( 0.000000000000000000, 0.000000000000000000, 0.000000000000000000 ) ) ;
#485 = CARTESIAN_POINT ( 'NONE',  ( 0.000000000000000000, 0.000000000000000000, 0.000000000000000000 ) ) ;
#486 = ORIENTED_EDGE ( 'NONE', *, *, #264, .F. ) ;
#487 = EDGE_CURVE ( 'NONE', #401, #371, #685, .T. ) ;
#488 = CARTESIAN_POINT ( 'NONE',  ( -0.4300684476979032000, 7.738791216531565098, 16.59665994065700190 ) ) ;
#489 = ORIENTED_EDGE ( 'NONE', *, *, #24, .T. ) ;
#490 = CARTESIAN_POINT ( 'NONE',  ( -0.7403187877913760540, 2.908983744496506763, 16.47849923739069666 ) ) ;
#491 = FILL_AREA_STYLE ('',( #322 ) ) ;
#492 = DIRECTION ( 'NONE',  ( 1.982541115402065110E-16, -0.000000000000000000, -1.000000000000000000 ) ) ;
#493 = CARTESIAN_POINT ( 'NONE',  ( 2.357787210814938782E-16, 7.749999999999998224, 16.64999999999999503 ) ) ;
#494 = AXIS2_PLACEMENT_3D ( 'NONE', #272, #796, #463 ) ;
#495 = EDGE_LOOP ( 'NONE', ( #963, #535, #1309 ) ) ;
#496 = CARTESIAN_POINT ( 'NONE',  ( -3.088148223164741690, 6.000000000000002665, 34.68797669598651368 ) ) ;
#497 = AXIS2_PLACEMENT_3D ( 'NONE', #603, #115, #3 ) ;
#498 = ORIENTED_EDGE ( 'NONE', *, *, #398, .F. ) ;
#499 = DIRECTION ( 'NONE',  ( -0.000000000000000000, -0.000000000000000000, -1.000000000000000000 ) ) ;
#500 = CARTESIAN_POINT ( 'NONE',  ( -3.464101615137761048, -5.999999999999997335, 35.00000000000000000 ) ) ;
#501 = EDGE_LOOP ( 'NONE', ( #486, #430, #642, #637 ) ) ;
#502 = DIRECTION ( 'NONE',  ( -1.000000000000000000, 0.000000000000000000, 0.000000000000000000 ) ) ;
#503 = CARTESIAN_POINT ( 'NONE',  ( -1.438432721970931416, 2.634408698587054065, 4.163983883684698739 ) ) ;
#504 = CARTESIAN_POINT ( 'NONE',  ( -1.481900007637582339, 7.607120095134155768, 14.26635427573287096 ) ) ;
#505 = ORIENTED_EDGE ( 'NONE', *, *, #43, .T. ) ;
#506 = ORIENTED_EDGE ( 'NONE', *, *, #1271, .F. ) ;
#507 = CARTESIAN_POINT ( 'NONE',  ( -0.8357346304728977548, 2.882742892579343241, 16.42669836528393290 ) ) ;
#508 = ORIENTED_EDGE ( 'NONE', *, *, #823, .T. ) ;
#509 = SURFACE_STYLE_USAGE ( .BOTH. , #1144 ) ;
#510 = EDGE_LOOP ( 'NONE', ( #573, #1030, #849, #1322 ) ) ;
#511 =( LENGTH_UNIT ( ) NAMED_UNIT ( * ) SI_UNIT ( .MILLI., .METRE. ) );
#512 = CIRCLE ( 'NONE', #1032, 7.749999999999998224 ) ;
#513 = ADVANCED_FACE ( 'NONE', ( #254 ), #1148, .T. ) ;
#514 = AXIS2_PLACEMENT_3D ( 'NONE', #946, #674, #263 ) ;
#515 = CARTESIAN_POINT ( 'NONE',  ( 1.503108958369874429E-15, 7.749999999999998224, 13.35000000000000853 ) ) ;
#516 = CARTESIAN_POINT ( 'NONE',  ( -1.318949206093680271, 7.638478518998346622, 16.01431134444737125 ) ) ;
#517 = LINE ( 'NONE', #955, #70 ) ;
#518 = VERTEX_POINT ( 'NONE', #729 ) ;
#519 = AXIS2_PLACEMENT_3D ( 'NONE', #812, #1160, #105 ) ;
#520 = CARTESIAN_POINT ( 'NONE',  ( 0.000000000000000000, 0.000000000000000000, 26.81116183568721212 ) ) ;
#521 = EDGE_CURVE ( 'NONE', #275, #305, #678, .T. ) ;
#522 = VECTOR ( 'NONE', #673, 1000.000000000000114 ) ;
#523 = CARTESIAN_POINT ( 'NONE',  ( -1.011585046722119685, 2.825829358174572814, 3.692119705511167194 ) ) ;
#524 = CARTESIAN_POINT ( 'NONE',  ( -7.749999999999998224, 0.000000000000000000, 28.69999999999999929 ) ) ;
#525 = FACE_OUTER_BOUND ( 'NONE', #574, .T. ) ;
#526 = VECTOR ( 'NONE', #319, 1000.000000000000000 ) ;
#527 = AXIS2_PLACEMENT_3D ( 'NONE', #1003, #219, #183 ) ;
#528 = ORIENTED_EDGE ( 'NONE', *, *, #1145, .F. ) ;
#529 = CARTESIAN_POINT ( 'NONE',  ( 0.8274816586209919889, 7.706225437878916118, 6.431566404303586282 ) ) ;
#530 = DIRECTION ( 'NONE',  ( 0.8660254037844385966, -0.5000000000000001110, 0.000000000000000000 ) ) ;
#531 = VECTOR ( 'NONE', #1289, 1000.000000000000000 ) ;
#532 = UNCERTAINTY_MEASURE_WITH_UNIT (LENGTH_MEASURE( 1.000000000000000082E-05 ), #905, 'distance_accuracy_value', 'NONE');
#533 = ORIENTED_EDGE ( 'NONE', *, *, #823, .F. ) ;
#534 = EDGE_CURVE ( 'NONE', #601, #401, #75, .T. ) ;
#535 = ORIENTED_EDGE ( 'NONE', *, *, #124, .T. ) ;
#536 = CARTESIAN_POINT ( 'NONE',  ( 2.306901985287758361, -6.000000000000000888, 35.00000000000000000 ) ) ;
#537 = SURFACE_STYLE_USAGE ( .BOTH. , #440 ) ;
#538 =( NAMED_UNIT ( * ) SI_UNIT ( $, .STERADIAN. ) SOLID_ANGLE_UNIT ( ) );
#539 = VECTOR ( 'NONE', #1067, 1000.000000000000114 ) ;
#540 = ORIENTED_EDGE ( 'NONE', *, *, #474, .F. ) ;
#541 = SURFACE_STYLE_USAGE ( .BOTH. , #348 ) ;
#542 = ORIENTED_EDGE ( 'NONE', *, *, #847, .F. ) ;
#543 = LINE ( 'NONE', #122, #1291 ) ;
#544 = ORIENTED_EDGE ( 'NONE', *, *, #614, .F. ) ;
#545 = CARTESIAN_POINT ( 'NONE',  ( 1.565671994542737755, 7.590320312866146502, 4.468107861314481788 ) ) ;
#546 = CARTESIAN_POINT ( 'NONE',  ( 1.316496772519069269, 2.700558013810020253, 13.98323156267799483 ) ) ;
#547 = FACE_OUTER_BOUND ( 'NONE', #1212, .T. ) ;
#548 = EDGE_LOOP ( 'NONE', ( #506, #551, #921, #912, #854, #923 ) ) ;
#549 = ORIENTED_EDGE ( 'NONE', *, *, #893, .F. ) ;
#550 = LINE ( 'NONE', #964, #942 ) ;
#551 = ORIENTED_EDGE ( 'NONE', *, *, #1159, .F. ) ;
#552 = CARTESIAN_POINT ( 'NONE',  ( 0.000000000000000000, 0.000000000000000000, 35.00000000000000000 ) ) ;
#553 = CARTESIAN_POINT ( 'NONE',  ( -1.318949206093677828, 7.638478518998345734, 6.014311344447373919 ) ) ;
#554 = LINE ( 'NONE', #567, #557 ) ;
#555 = EDGE_CURVE ( 'NONE', #30, #131, #713, .T. ) ;
#556 = ADVANCED_FACE ( 'NONE', ( #1151 ), #1143, .F. ) ;
#557 = VECTOR ( 'NONE', #1088, 1000.000000000000000 ) ;
#558 = ORIENTED_EDGE ( 'NONE', *, *, #1048, .T. ) ;
#559 = CARTESIAN_POINT ( 'NONE',  ( 6.928203230275509661, 0.000000000000000000, 35.00000000000000000 ) ) ;
#560 = EDGE_CURVE ( 'NONE', #131, #1222, #389, .T. ) ;
#561 = CARTESIAN_POINT ( 'NONE',  ( -2.306901985287777457, -5.999999999999997335, 35.00000000000000000 ) ) ;
#562 = EDGE_LOOP ( 'NONE', ( #217, #249, #597, #1039, #212, #223 ) ) ;
#563 = VERTEX_POINT ( 'NONE', #253 ) ;
#564 = CARTESIAN_POINT ( 'NONE',  ( 0.5406497653967571315, 2.952624058825101816, 3.437387159765358025 ) ) ;
#565 = VERTEX_POINT ( 'NONE', #420 ) ;
#566 = CIRCLE ( 'NONE', #497, 2.999999999999996003 ) ;
#567 = CARTESIAN_POINT ( 'NONE',  ( 3.464101615137741064, 6.000000000000029310, 35.00000000000000000 ) ) ;
#568 = CARTESIAN_POINT ( 'NONE',  ( 0.1102908755513544725, 3.000000000000005773, 13.34999999999999076 ) ) ;
#569 = ORIENTED_EDGE ( 'NONE', *, *, #991, .T. ) ;
#570 = FILL_AREA_STYLE ('',( #377 ) ) ;
#571 = DIRECTION ( 'NONE',  ( -1.000000000000000000, 6.259644161404825517E-16, 0.000000000000000000 ) ) ;
#572 = ORIENTED_EDGE ( 'NONE', *, *, #1156, .F. ) ;
#573 = ORIENTED_EDGE ( 'NONE', *, *, #836, .F. ) ;
#574 = EDGE_LOOP ( 'NONE', ( #540, #818, #1248, #1242 ) ) ;
#575 = DIRECTION ( 'NONE',  ( -1.000000000000000000, 0.000000000000000000, 0.000000000000000000 ) ) ;
#576 = CARTESIAN_POINT ( 'NONE',  ( 0.4348468718451406478, 2.970296629211565786, 13.40453850152249338 ) ) ;
#577 = ORIENTED_EDGE ( 'NONE', *, *, #1253, .T. ) ;
#578 = CARTESIAN_POINT ( 'NONE',  ( 3.464101615137754830, -6.000000000000001776, 35.00000000000000000 ) ) ;
#579 = CARTESIAN_POINT ( 'NONE',  ( 0.8379828618446156785, 2.887723797311710250, 3.562457321533115451 ) ) ;
#580 = MANIFOLD_SOLID_BREP ( 'Corte-Revolu  o1', #390 ) ;
#581 = VERTEX_POINT ( 'NONE', #113 ) ;
#582 = EDGE_LOOP ( 'NONE', ( #104, #1004, #992, #926 ) ) ;
#583 = DIRECTION ( 'NONE',  ( 1.982541115402065110E-16, -0.000000000000000000, -1.000000000000000000 ) ) ;
#584 = CARTESIAN_POINT ( 'NONE',  ( 6.928203230275509661, 0.000000000000000000, 29.00000000000000355 ) ) ;
#585 = EDGE_LOOP ( 'NONE', ( #1036, #102, #111, #252 ) ) ;
#586 =( GEOMETRIC_REPRESENTATION_CONTEXT ( 3 ) GLOBAL_UNCERTAINTY_ASSIGNED_CONTEXT ( ( #629 ) ) GLOBAL_UNIT_ASSIGNED_CONTEXT ( ( #804, #1121, #1299 ) ) REPRESENTATION_CONTEXT ( 'NONE', 'WORKASPACE' ) );
#587 = VECTOR ( 'NONE', #481, 1000.000000000000000 ) ;
#588 = CARTESIAN_POINT ( 'NONE',  ( -6.938893903907228378E-15, 0.000000000000000000, 35.00000000000000000 ) ) ;
#589 = DIRECTION ( 'NONE',  ( -0.000000000000000000, 1.000000000000000000, -0.000000000000000000 ) ) ;
#590 = CARTESIAN_POINT ( 'NONE',  ( -1.481900007637581895, 7.607120095134153992, 4.266354275732866519 ) ) ;
#591 = VERTEX_POINT ( 'NONE', #634 ) ;
#592 = EDGE_CURVE ( 'NONE', #563, #1012, #709, .T. ) ;
#593 = ORIENTED_EDGE ( 'NONE', *, *, #124, .F. ) ;
#594 = CARTESIAN_POINT ( 'NONE',  ( 6.928203230275509661, 0.000000000000000000, 35.00000000000000000 ) ) ;
#595 = DIRECTION ( 'NONE',  ( -0.000000000000000000, -0.000000000000000000, -1.000000000000000000 ) ) ;
#596 = ORIENTED_EDGE ( 'NONE', *, *, #487, .T. ) ;
#597 = ORIENTED_EDGE ( 'NONE', *, *, #1159, .T. ) ;
#598 = DIRECTION ( 'NONE',  ( 1.982541115402065110E-16, -0.000000000000000000, -1.000000000000000000 ) ) ;
#599 = PRESENTATION_STYLE_ASSIGNMENT (( #721 ) ) ;
#600 = CARTESIAN_POINT ( 'NONE',  ( 1.503108958369874429E-15, 7.749999999999998224, 13.35000000000000853 ) ) ;
#601 = VERTEX_POINT ( 'NONE', #664 ) ;
#602 = CARTESIAN_POINT ( 'NONE',  ( -0.4434937813458385558, 2.973944619375901155, 16.60372718253280766 ) ) ;
#603 = CARTESIAN_POINT ( 'NONE',  ( 0.000000000000000000, 0.000000000000000000, 0.3000000000000012101 ) ) ;
#604 = DIRECTION ( 'NONE',  ( -0.000000000000000000, 1.000000000000000000, -0.000000000000000000 ) ) ;
#605 = MECHANICAL_DESIGN_GEOMETRIC_PRESENTATION_REPRESENTATION (  '', ( #695 ), #680 ) ;
#606 = ORIENTED_EDGE ( 'NONE', *, *, #934, .F. ) ;
#607 = ORIENTED_EDGE ( 'NONE', *, *, #904, .F. ) ;
#608 = CARTESIAN_POINT ( 'NONE',  ( 1.049072565543747462E-15, 2.999999999999996003, 16.64999999999999503 ) ) ;
#609 = DIRECTION ( 'NONE',  ( 0.000000000000000000, 0.000000000000000000, 1.000000000000000000 ) ) ;
#610 = EDGE_CURVE ( 'NONE', #305, #703, #232, .T. ) ;
#611 = ORIENTED_EDGE ( 'NONE', *, *, #1023, .F. ) ;
#612 = VERTEX_POINT ( 'NONE', #769 ) ;
#613 = CARTESIAN_POINT ( 'NONE',  ( 1.639230317641915846, 7.574687543019890335, 14.78298991992744327 ) ) ;
#614 = EDGE_CURVE ( 'NONE', #275, #785, #666, .T. ) ;
#615 = LINE ( 'NONE', #1274, #636 ) ;
#616 = FACE_OUTER_BOUND ( 'NONE', #361, .T. ) ;
#617 = CARTESIAN_POINT ( 'NONE',  ( -7.749999999999998224, 0.000000000000000000, 0.000000000000000000 ) ) ;
#618 = DIRECTION ( 'NONE',  ( -1.000000000000000000, 0.000000000000000000, 0.000000000000000000 ) ) ;
#619 = CARTESIAN_POINT ( 'NONE',  ( -6.741394516638258949, 0.3235621833163039307, 34.68680871363731200 ) ) ;
#620 = CONICAL_SURFACE ( 'NONE', #514, 7.749999999999998224, 0.7853981633974497223 ) ;
#621 = CONICAL_SURFACE ( 'NONE', #355, 7.450000000000002842, 0.7853981633974425058 ) ;
#622 = DIRECTION ( 'NONE',  ( -0.000000000000000000, -0.000000000000000000, -1.000000000000000000 ) ) ;
#623 = VERTEX_POINT ( 'NONE', #457 ) ;
#624 = CARTESIAN_POINT ( 'NONE',  ( 0.5331316950381141950, 7.732289870681833932, 6.565234799858280290 ) ) ;
#625 = CARTESIAN_POINT ( 'NONE',  ( -6.928203230275507885, 3.469446951953613400E-15, 35.00000000000000000 ) ) ;
#626 = ORIENTED_EDGE ( 'NONE', *, *, #592, .F. ) ;
#627 = FACE_OUTER_BOUND ( 'NONE', #1234, .T. ) ;
#628 = ORIENTED_EDGE ( 'NONE', *, *, #745, .F. ) ;
#629 = UNCERTAINTY_MEASURE_WITH_UNIT (LENGTH_MEASURE( 1.000000000000000082E-05 ), #804, 'distance_accuracy_value', 'NONE');
#630 = FACE_OUTER_BOUND ( 'NONE', #749, .T. ) ;
#631 = CARTESIAN_POINT ( 'NONE',  ( -0.7409986257998953940, 2.908855144998377273, 3.521743846277165080 ) ) ;
#632 = CARTESIAN_POINT ( 'NONE',  ( -0.1093277606138527008, 7.750000000000013323, 16.64999999999999503 ) ) ;
#633 = FACE_OUTER_BOUND ( 'NONE', #808, .T. ) ;
#634 = CARTESIAN_POINT ( 'NONE',  ( -6.349603415350525637, -1.002164276700019396, 35.00000000000000000 ) ) ;
#635 = CYLINDRICAL_SURFACE ( 'NONE', #868, 7.749999999999998224 ) ;
#636 = VECTOR ( 'NONE', #941, 1000.000000000000000 ) ;
#637 = ORIENTED_EDGE ( 'NONE', *, *, #748, .F. ) ;
#638 = LINE ( 'NONE', #129, #660 ) ;
#639 =( GEOMETRIC_REPRESENTATION_CONTEXT ( 3 ) GLOBAL_UNCERTAINTY_ASSIGNED_CONTEXT ( ( #1215 ) ) GLOBAL_UNIT_ASSIGNED_CONTEXT ( ( #879, #974, #852 ) ) REPRESENTATION_CONTEXT ( 'NONE', 'WORKASPACE' ) );
#640 = ORIENTED_EDGE ( 'NONE', *, *, #953, .T. ) ;
#641 = CARTESIAN_POINT ( 'NONE',  ( -0.4434937813458381117, 2.973944619375901599, 6.603727182532808548 ) ) ;
#642 = ORIENTED_EDGE ( 'NONE', *, *, #834, .F. ) ;
#643 =( GEOMETRIC_REPRESENTATION_CONTEXT ( 3 ) GLOBAL_UNCERTAINTY_ASSIGNED_CONTEXT ( ( #1314 ) ) GLOBAL_UNIT_ASSIGNED_CONTEXT ( ( #658, #218, #1117 ) ) REPRESENTATION_CONTEXT ( 'NONE', 'WORKASPACE' ) );
#644 = ORIENTED_EDGE ( 'NONE', *, *, #168, .F. ) ;
#645 = DIRECTION ( 'NONE',  ( -0.7071067811865486830, 0.000000000000000000, -0.7071067811865464625 ) ) ;
#646 = CARTESIAN_POINT ( 'NONE',  ( -1.650183009526869249, 2.505373442090566893, 15.10682388480129568 ) ) ;
#647 = FACE_OUTER_BOUND ( 'NONE', #312, .T. ) ;
#648 = DIRECTION ( 'NONE',  ( -0.000000000000000000, -0.000000000000000000, -1.000000000000000000 ) ) ;
#649 = ORIENTED_EDGE ( 'NONE', *, *, #446, .T. ) ;
#650 = CIRCLE ( 'NONE', #1279, 2.999999999999996003 ) ;
#651 = VECTOR ( 'NONE', #648, 1000.000000000000000 ) ;
#652 = CARTESIAN_POINT ( 'NONE',  ( 1.318737653778648822, 7.638519444531606695, 6.014634846729676632 ) ) ;
#653 = CARTESIAN_POINT ( 'NONE',  ( 1.049072565543747462E-15, 2.999999999999996003, 16.64999999999999503 ) ) ;
#654 = VERTEX_POINT ( 'NONE', #103 ) ;
#655 = DIRECTION ( 'NONE',  ( -0.000000000000000000, -0.000000000000000000, -1.000000000000000000 ) ) ;
#656 = CARTESIAN_POINT ( 'NONE',  ( -3.464101615137754386, 6.000000000000000888, 34.50000000000000711 ) ) ;
#657 = FACE_OUTER_BOUND ( 'NONE', #495, .T. ) ;
#658 =( LENGTH_UNIT ( ) NAMED_UNIT ( * ) SI_UNIT ( .MILLI., .METRE. ) );
#659 = AXIS2_PLACEMENT_3D ( 'NONE', #578, #38, #897 ) ;
#660 = VECTOR ( 'NONE', #683, 1000.000000000000000 ) ;
#661 = ADVANCED_FACE ( 'NONE', ( #1128 ), #220, .T. ) ;
#662 = CARTESIAN_POINT ( 'NONE',  ( -2.999999999999993783, 0.000000000000000000, 26.00000000000000355 ) ) ;
#663 = COLOUR_RGB ( '',0.6470588235294117974, 0.6196078431372549211, 0.5843137254901961120 ) ;
#664 = CARTESIAN_POINT ( 'NONE',  ( -3.464101615137751722, -6.000000000000014211, 34.50000000000000000 ) ) ;
#665 = CARTESIAN_POINT ( 'NONE',  ( 0.2207720251009680223, 2.993806061803751195, 6.638812935411737115 ) ) ;
#666 = CIRCLE ( 'NONE', #57, 1.649999999999998357 ) ;
#667 = EDGE_CURVE ( 'NONE', #426, #669, #671, .T. ) ;
#668 = ORIENTED_EDGE ( 'NONE', *, *, #1045, .T. ) ;
#669 = VERTEX_POINT ( 'NONE', #1152 ) ;
#670 = ORIENTED_EDGE ( 'NONE', *, *, #801, .T. ) ;
#671 = LINE ( 'NONE', #448, #1113 ) ;
#672 = ORIENTED_EDGE ( 'NONE', *, *, #251, .T. ) ;
#673 = DIRECTION ( 'NONE',  ( -0.4999999999999996669, 0.8660254037844388186, 0.000000000000000000 ) ) ;
#674 = DIRECTION ( 'NONE',  ( -0.000000000000000000, -0.000000000000000000, -1.000000000000000000 ) ) ;
#675 = ORIENTED_EDGE ( 'NONE', *, *, #433, .F. ) ;
#676 = ADVANCED_FACE ( 'NONE', ( #302 ), #308, .T. ) ;
#677 = CARTESIAN_POINT ( 'NONE',  ( 0.2193089102322985928, 2.993936784461525669, 3.360947591756041408 ) ) ;
#678 = LINE ( 'NONE', #881, #250 ) ;
#679 = ORIENTED_EDGE ( 'NONE', *, *, #719, .F. ) ;
#680 =( GEOMETRIC_REPRESENTATION_CONTEXT ( 3 ) GLOBAL_UNCERTAINTY_ASSIGNED_CONTEXT ( ( #428 ) ) GLOBAL_UNIT_ASSIGNED_CONTEXT ( ( #871, #1202, #781 ) ) REPRESENTATION_CONTEXT ( 'NONE', 'WORKASPACE' ) );
#681 = VERTEX_POINT ( 'NONE', #1223 ) ;
#682 = CARTESIAN_POINT ( 'NONE',  ( -7.450000000000002842, 9.307315673519885459E-16, 0.000000000000000000 ) ) ;
#683 = DIRECTION ( 'NONE',  ( 0.8571673007021110013, 1.049727191138617093E-16, -0.5150380749100563760 ) ) ;
#684 = EDGE_CURVE ( 'NONE', #612, #27, #1303, .T. ) ;
#685 = LINE ( 'NONE', #500, #267 ) ;
#686 = EDGE_CURVE ( 'NONE', #612, #623, #1157, .T. ) ;
#687 = CARTESIAN_POINT ( 'NONE',  ( 6.349603415350504321, 1.002164276700058920, 35.00000000000000000 ) ) ;
#688 = SURFACE_SIDE_STYLE ('',( #819 ) ) ;
#689 = VECTOR ( 'NONE', #67, 1000.000000000000000 ) ;
#690 = ADVANCED_FACE ( 'NONE', ( #279 ), #286, .T. ) ;
#691 = CARTESIAN_POINT ( 'NONE',  ( 6.357472203814708820E-16, 7.749999999999998224, 3.350000000000007194 ) ) ;
#692 = PRESENTATION_STYLE_ASSIGNMENT (( #830 ) ) ;
#693 = CARTESIAN_POINT ( 'NONE',  ( 8.605606931402034189E-16, 7.749999999999998224, 6.649999999999995026 ) ) ;
#694 = CARTESIAN_POINT ( 'NONE',  ( -9.473862448111952965E-14, 3.000000000000522249, 3.349999999999051070 ) ) ;
#695 = STYLED_ITEM ( 'NONE', ( #824 ), #1254 ) ;
#696 = DIRECTION ( 'NONE',  ( -0.000000000000000000, -0.000000000000000000, 1.000000000000000000 ) ) ;
#697 = CARTESIAN_POINT ( 'NONE',  ( 0.4348468718451403703, 2.970296629211566675, 3.404538501522493377 ) ) ;
#698 = LINE ( 'NONE', #289, #244 ) ;
#699 = AXIS2_PLACEMENT_3D ( 'NONE', #266, #366, #952 ) ;
#700 = COLOUR_RGB ( '',0.8941176470588234615, 0.9137254901960784048, 0.9294117647058823817 ) ;
#701 = DIRECTION ( 'NONE',  ( 0.000000000000000000, 0.000000000000000000, 1.000000000000000000 ) ) ;
#702 = CARTESIAN_POINT ( 'NONE',  ( 2.999999999999996003, 3.673940397442054938E-16, 0.000000000000000000 ) ) ;
#703 = VERTEX_POINT ( 'NONE', #1158 ) ;
#704 = FACE_BOUND ( 'NONE', #161, .T. ) ;
#705 = ORIENTED_EDGE ( 'NONE', *, *, #1267, .T. ) ;
#706 = DIRECTION ( 'NONE',  ( 0.000000000000000000, 0.000000000000000000, 1.000000000000000000 ) ) ;
#707 = CARTESIAN_POINT ( 'NONE',  ( 1.503109328841917881E-15, 7.750000000000011546, 13.35000000000000853 ) ) ;
#708 = CARTESIAN_POINT ( 'NONE',  ( -1.650049497062934689, 7.572307221701091606, 5.108156757842756690 ) ) ;
#709 = LINE ( 'NONE', #247, #268 ) ;
#710 = VECTOR ( 'NONE', #311, 1000.000000000000000 ) ;
#711 = CARTESIAN_POINT ( 'NONE',  ( -0.8349517963229333706, 2.882962255405058016, 13.57286627491286168 ) ) ;
#712 = DIRECTION ( 'NONE',  ( -0.000000000000000000, -0.000000000000000000, -1.000000000000000000 ) ) ;
#713 = CIRCLE ( 'NONE', #1211, 6.428203230275520319 ) ;
#714 = AXIS2_PLACEMENT_3D ( 'NONE', #150, #241, #119 ) ;
#715 = CARTESIAN_POINT ( 'NONE',  ( 1.649999999999998357, 0.000000000000000000, 35.00000000000000000 ) ) ;
#716 = CARTESIAN_POINT ( 'NONE',  ( 0.000000000000000000, 0.000000000000000000, 26.81116183568721212 ) ) ;
#717 = EDGE_CURVE ( 'NONE', #873, #146, #411, .T. ) ;
#718 = CARTESIAN_POINT ( 'NONE',  ( -0.1093277606138526592, 7.750000000000012434, 6.649999999999994138 ) ) ;
#719 = EDGE_CURVE ( 'NONE', #371, #947, #41, .T. ) ;
#720 = CARTESIAN_POINT ( 'NONE',  ( -0.2225006256119009818, 2.999999999999996891, 16.64999999999999858 ) ) ;
#721 = SURFACE_STYLE_USAGE ( .BOTH. , #237 ) ;
#722 = CARTESIAN_POINT ( 'NONE',  ( -1.649999999999998801, 2.020667218593131522E-16, 35.00000000000000000 ) ) ;
#723 = CARTESIAN_POINT ( 'NONE',  ( -6.739910347411875335, -0.3261328398234231707, 34.68829288286364942 ) ) ;
#724 = VECTOR ( 'NONE', #645, 999.9999999999998863 ) ;
#725 = CARTESIAN_POINT ( 'NONE',  ( 0.1093563770430471538, 7.750000000000014211, 16.64999999999999858 ) ) ;
#726 = FACE_OUTER_BOUND ( 'NONE', #779, .T. ) ;
#727 = CARTESIAN_POINT ( 'NONE',  ( -0.7409986257998931736, 2.908855144998378162, 13.52174384627716464 ) ) ;
#728 = DIRECTION ( 'NONE',  ( 0.4999999999999996114, -0.8660254037844388186, 0.000000000000000000 ) ) ;
#729 = CARTESIAN_POINT ( 'NONE',  ( 3.464101615137754830, -6.000000000000001776, 29.00000000000000355 ) ) ;
#730 = FACE_OUTER_BOUND ( 'NONE', #1019, .T. ) ;
#731 =( NAMED_UNIT ( * ) SI_UNIT ( $, .STERADIAN. ) SOLID_ANGLE_UNIT ( ) );
#732 = FACE_OUTER_BOUND ( 'NONE', #1262, .T. ) ;
#733 = B_SPLINE_CURVE_WITH_KNOTS ( 'NONE', 3,
 ( #169, #477, #314, #1188 ),
 .UNSPECIFIED., .F., .F.,
 ( 4, 4 ),
 ( 0.01180370603271964011, 0.01306259297129503706 ),
 .UNSPECIFIED. ) ;
#734 = B_SPLINE_CURVE_WITH_KNOTS ( 'NONE', 3,
 ( #600, #332, #1313, #325, #822, #837, #1037, #1246, #1007, #909, #504, #90, #306, #892, #423, #1028, #63, #395, #516, #1155, #235, #1150, #488, #200, #632, #1199 ),
 .UNSPECIFIED., .F., .F.,
 ( 4, 2, 2, 2, 2, 2, 2, 2, 2, 2, 2, 2, 4 ),
 ( 0.005173487602631154231, 0.005820004327870396781, 0.006143262690490019357, 0.006466521053109641932, 0.006789779415729264508, 0.007113037778348887084, 0.007759554503588133104, 0.008082812866207756547, 0.008406071228827381725, 0.009052587954066632081, 0.009699104679305882437, 0.01002236304192550588, 0.01034562140454512932 ),
 .UNSPECIFIED. ) ;
#735 = CARTESIAN_POINT ( 'NONE',  ( -1.317512019746575280, 2.700047695748158283, 3.984576452259898982 ) ) ;
#736 = EDGE_CURVE ( 'NONE', #565, #805, #759, .T. ) ;
#737 = CARTESIAN_POINT ( 'NONE',  ( -0.5348563378916231237, 7.732162701671900784, 6.564602028604194395 ) ) ;
#738 = DIRECTION ( 'NONE',  ( -1.000000000000000000, 0.000000000000000000, 0.000000000000000000 ) ) ;
#739 = LINE ( 'NONE', #1213, #274 ) ;
#740 = FILL_AREA_STYLE_COLOUR ( '', #185 ) ;
#741 = LINE ( 'NONE', #524, #724 ) ;
#742 = ORIENTED_EDGE ( 'NONE', *, *, #303, .T. ) ;
#743 = CARTESIAN_POINT ( 'NONE',  ( -1.650183009526870359, 2.505373442090567337, 5.106823884801292124 ) ) ;
#744 = ORIENTED_EDGE ( 'NONE', *, *, #521, .T. ) ;
#745 = EDGE_CURVE ( 'NONE', #601, #805, #296, .T. ) ;
#746 = CARTESIAN_POINT ( 'NONE',  ( -3.844649868057827824, 5.340871091210863675, 34.85784968980861009 ) ) ;
#747 = ORIENTED_EDGE ( 'NONE', *, *, #953, .F. ) ;
#748 = EDGE_CURVE ( 'NONE', #654, #1091, #741, .T. ) ;
#749 = EDGE_LOOP ( 'NONE', ( #1239, #107, #640, #1084 ) ) ;
#750 = ADVANCED_FACE ( 'NONE', ( #271 ), #1189, .F. ) ;
#751 = CARTESIAN_POINT ( 'NONE',  ( 1.441182325954806220, 7.615291096798019410, 14.16786679544731875 ) ) ;
#752 = UNCERTAINTY_MEASURE_WITH_UNIT (LENGTH_MEASURE( 1.000000000000000082E-05 ), #511, 'distance_accuracy_value', 'NONE');
#753 = VECTOR ( 'NONE', #696, 1000.000000000000000 ) ;
#754 = CARTESIAN_POINT ( 'NONE',  ( -6.839766848137125566E-15, 0.000000000000000000, 34.50000000000000000 ) ) ;
#755 = DIRECTION ( 'NONE',  ( -0.000000000000000000, -0.000000000000000000, -1.000000000000000000 ) ) ;
#756 = CARTESIAN_POINT ( 'NONE',  ( 6.741394516638244738, -0.3235621833163269123, 34.68680871363731910 ) ) ;
#757 = VECTOR ( 'NONE', #1080, 1000.000000000000000 ) ;
#758 = FILL_AREA_STYLE ('',( #229 ) ) ;
#759 = LINE ( 'NONE', #1052, #318 ) ;
#760 = B_SPLINE_CURVE_WITH_KNOTS ( 'NONE', 3,
 ( #1264, #39, #665, #259, #1081, #940, #770, #458, #170, #931, #142, #353, #1178, #9, #478, #449, #265, #1273, #382, #365, #579, #564, #697, #677, #18, #155 ),
 .UNSPECIFIED., .F., .F.,
 ( 4, 2, 2, 2, 2, 2, 2, 2, 2, 2, 2, 2, 4 ),
 ( 3.224414751902220958E-19, 0.0003293982331213045475, 0.0006587964662426087697, 0.001317592932485218190, 0.001976389398727827935, 0.002305787631849133892, 0.002635185864970440283, 0.002964584098091746240, 0.003293982331213052197, 0.003952778797455663677, 0.004611575263698275591, 0.004940973496819581548, 0.005270371729940887505 ),
 .UNSPECIFIED. ) ;
#761 = AXIS2_PLACEMENT_3D ( 'NONE', #1183, #1276, #22 ) ;
#762 = CARTESIAN_POINT ( 'NONE',  ( -1.429382683240228546, 2.638423522223631856, 5.831035934194182424 ) ) ;
#763 = CARTESIAN_POINT ( 'NONE',  ( 0.4350266824948690325, 2.970246927155649086, 16.59536826778570173 ) ) ;
#764 = CARTESIAN_POINT ( 'NONE',  ( 2.703761859257621136, -6.000000000000000888, 34.85757811345636981 ) ) ;
#765 = CARTESIAN_POINT ( 'NONE',  ( -1.317512019746573060, 2.700047695748159171, 13.98457645225989232 ) ) ;
#766 = DIRECTION ( 'NONE',  ( 1.982541115402065110E-16, -0.000000000000000000, -1.000000000000000000 ) ) ;
#767 = PLANE ( 'NONE',  #204 ) ;
#768 = CARTESIAN_POINT ( 'NONE',  ( 0.8379828618446164556, 2.887723797311709806, 13.56245732153311323 ) ) ;
#769 = CARTESIAN_POINT ( 'NONE',  ( -3.464101615137754386, 6.000000000000000888, 34.50000000000000711 ) ) ;
#770 = CARTESIAN_POINT ( 'NONE',  ( 1.019636180975305617, 2.826033667147183515, 6.314267579872886671 ) ) ;
#771 = AXIS2_PLACEMENT_3D ( 'NONE', #945, #583, #5 ) ;
#772 = CARTESIAN_POINT ( 'NONE',  ( 3.299999999999997158, 4.041334437186262058E-16, 0.000000000000000000 ) ) ;
#773 = CARTESIAN_POINT ( 'NONE',  ( 1.437740858377013264, 2.634827023778598676, 14.16211072672325777 ) ) ;
#774 = AXIS2_PLACEMENT_3D ( 'NONE', #594, #1221, #728 ) ;
#775 = DIRECTION ( 'NONE',  ( 0.000000000000000000, 0.000000000000000000, 1.000000000000000000 ) ) ;
#776 = DIRECTION ( 'NONE',  ( -0.000000000000000000, -0.000000000000000000, -1.000000000000000000 ) ) ;
#777 = EDGE_CURVE ( 'NONE', #581, #373, #1182, .T. ) ;
#778 = CARTESIAN_POINT ( 'NONE',  ( 2.306901985287758361, -6.000000000000000888, 35.00000000000000000 ) ) ;
#779 = EDGE_LOOP ( 'NONE', ( #606, #261, #206, #1105, #243, #1073 ) ) ;
#780 = DIRECTION ( 'NONE',  ( -0.000000000000000000, -0.000000000000000000, -1.000000000000000000 ) ) ;
#781 =( NAMED_UNIT ( * ) SI_UNIT ( $, .STERADIAN. ) SOLID_ANGLE_UNIT ( ) );
#782 = CARTESIAN_POINT ( 'NONE',  ( -1.431102031365150351, 7.616963114346787300, 4.171762936265368538 ) ) ;
#783 = VERTEX_POINT ( 'NONE', #1300 ) ;
#784 = AXIS2_PLACEMENT_3D ( 'NONE', #485, #1308, #1207 ) ;
#785 = VERTEX_POINT ( 'NONE', #870 ) ;
#786 = ADVANCED_FACE ( 'NONE', ( #726 ), #956, .F. ) ;
#787 = CARTESIAN_POINT ( 'NONE',  ( 6.357472203814708820E-16, 7.749999999999998224, 3.350000000000007194 ) ) ;
#788 = EDGE_CURVE ( 'NONE', #44, #371, #1172, .T. ) ;
#789 = EDGE_CURVE ( 'NONE', #30, #1222, #1191, .T. ) ;
#790 = CARTESIAN_POINT ( 'NONE',  ( 0.000000000000000000, 0.000000000000000000, 26.00000000000000355 ) ) ;
#791 = DIRECTION ( 'NONE',  ( 1.000000000000000000, 0.000000000000000000, 0.000000000000000000 ) ) ;
#792 = CARTESIAN_POINT ( 'NONE',  ( 3.844649868057837150, -5.340871091210847688, 34.85784968980861009 ) ) ;
#793 = CARTESIAN_POINT ( 'NONE',  ( 2.306901985287695300, 6.000000000000023981, 35.00000000000000000 ) ) ;
#794 = PRODUCT_RELATED_PRODUCT_CATEGORY ( 'part', '', ( #337 ) ) ;
#795 = EDGE_LOOP ( 'NONE', ( #1017, #16 ) ) ;
#796 = DIRECTION ( 'NONE',  ( 0.000000000000000000, 0.000000000000000000, -1.000000000000000000 ) ) ;
#797 = CARTESIAN_POINT ( 'NONE',  ( -0.8277232073046781879, 7.706201382328933036, 3.568557222799982664 ) ) ;
#798 = EDGE_CURVE ( 'NONE', #1119, #601, #733, .T. ) ;
#799 = VERTEX_POINT ( 'NONE', #608 ) ;
#800 = EDGE_LOOP ( 'NONE', ( #205, #1278, #915, #196, #1083, #1270 ) ) ;
#801 = EDGE_CURVE ( 'NONE', #591, #30, #1153, .T. ) ;
#802 = CARTESIAN_POINT ( 'NONE',  ( -1.649626902885498181, 2.505739666911154906, 14.77798128354292118 ) ) ;
#803 = DIRECTION ( 'NONE',  ( 4.131365146527196852E-15, -1.000000000000000000, 0.000000000000000000 ) ) ;
#804 =( LENGTH_UNIT ( ) NAMED_UNIT ( * ) SI_UNIT ( .MILLI., .METRE. ) );
#805 = VERTEX_POINT ( 'NONE', #807 ) ;
#806 = ORIENTED_EDGE ( 'NONE', *, *, #432, .F. ) ;
#807 = CARTESIAN_POINT ( 'NONE',  ( -3.464101615137761048, -5.999999999999997335, 29.00000000000000355 ) ) ;
#808 = EDGE_LOOP ( 'NONE', ( #290, #37, #405, #668 ) ) ;
#809 = VECTOR ( 'NONE', #776, 1000.000000000000000 ) ;
#810 = EDGE_LOOP ( 'NONE', ( #1287, #558, #1176, #542 ) ) ;
#811 = CARTESIAN_POINT ( 'NONE',  ( 0.000000000000000000, 0.000000000000000000, 0.000000000000000000 ) ) ;
#812 = CARTESIAN_POINT ( 'NONE',  ( 4.336808689942017736E-16, 7.750000000000011546, 5.000000000000000888 ) ) ;
#813 = CARTESIAN_POINT ( 'NONE',  ( 0.000000000000000000, 0.000000000000000000, 28.69999999999999929 ) ) ;
#814 = AXIS2_PLACEMENT_3D ( 'NONE', #424, #1168, #258 ) ;
#815 = ORIENTED_EDGE ( 'NONE', *, *, #969, .T. ) ;
#816 = CARTESIAN_POINT ( 'NONE',  ( 6.739910347411872671, 0.3261328398234339954, 34.68829288286364232 ) ) ;
#817 = APPLICATION_CONTEXT ( 'automotive_design' ) ;
#818 = ORIENTED_EDGE ( 'NONE', *, *, #234, .F. ) ;
#819 = SURFACE_STYLE_FILL_AREA ( #570 ) ;
#820 = CARTESIAN_POINT ( 'NONE',  ( 1.596943975712532104, 7.583715273340141394, 14.57111849239566403 ) ) ;
#821 = ORIENTED_EDGE ( 'NONE', *, *, #106, .T. ) ;
#822 = CARTESIAN_POINT ( 'NONE',  ( -0.8277232073046774108, 7.706201382328934812, 13.56855722279998488 ) ) ;
#823 = EDGE_CURVE ( 'NONE', #401, #1119, #283, .T. ) ;
#824 = PRESENTATION_STYLE_ASSIGNMENT (( #1107 ) ) ;
#825 = CARTESIAN_POINT ( 'NONE',  ( -1.094020681311950183, 2.794577631445289700, 16.23966042246066976 ) ) ;
#826 = CARTESIAN_POINT ( 'NONE',  ( 0.000000000000000000, 0.000000000000000000, 0.000000000000000000 ) ) ;
#827 = CARTESIAN_POINT ( 'NONE',  ( -6.928203230275524760, -2.211772431870429045E-14, 34.50000000000000000 ) ) ;
#828 = CARTESIAN_POINT ( 'NONE',  ( 1.091180548826392371, 7.673181353640623925, 6.242311646804401093 ) ) ;
#829 = CARTESIAN_POINT ( 'NONE',  ( 8.605606931402034189E-16, 7.749999999999998224, 6.649999999999995026 ) ) ;
#830 = SURFACE_STYLE_USAGE ( .BOTH. , #1290 ) ;
#831 =( GEOMETRIC_REPRESENTATION_CONTEXT ( 3 ) GLOBAL_UNCERTAINTY_ASSIGNED_CONTEXT ( ( #532 ) ) GLOBAL_UNIT_ASSIGNED_CONTEXT ( ( #905, #1018, #33 ) ) REPRESENTATION_CONTEXT ( 'NONE', 'WORKASPACE' ) );
#832 = VERTEX_POINT ( 'NONE', #883 ) ;
#833 = CARTESIAN_POINT ( 'NONE',  ( -3.464101615137754386, 6.000000000000000888, 29.00000000000000355 ) ) ;
#834 = EDGE_CURVE ( 'NONE', #1091, #1301, #1162, .T. ) ;
#835 = CARTESIAN_POINT ( 'NONE',  ( 1.006966953364762052, 7.684828712517077776, 13.68849497629701339 ) ) ;
#836 = EDGE_CURVE ( 'NONE', #1025, #369, #1175, .T. ) ;
#837 = CARTESIAN_POINT ( 'NONE',  ( -1.007178185221093480, 7.684806930309561857, 13.68860904550795077 ) ) ;
#838 = CIRCLE ( 'NONE', #1226, 7.449999999999992184 ) ;
#839 = CARTESIAN_POINT ( 'NONE',  ( 3.650910328775021974, 5.676437816683673532, 34.68680871363731910 ) ) ;
#840 = CARTESIAN_POINT ( 'NONE',  ( 0.2173961765822477188, 7.747678037244105198, 13.36080956193243807 ) ) ;
#841 =( GEOMETRIC_REPRESENTATION_CONTEXT ( 3 ) GLOBAL_UNCERTAINTY_ASSIGNED_CONTEXT ( ( #295 ) ) GLOBAL_UNIT_ASSIGNED_CONTEXT ( ( #315, #404, #731 ) ) REPRESENTATION_CONTEXT ( 'NONE', 'WORKASPACE' ) );
#842 = CARTESIAN_POINT ( 'NONE',  ( -0.4300684476979024229, 7.738791216531566874, 6.596659940657010779 ) ) ;
#843 = VERTEX_POINT ( 'NONE', #722 ) ;
#844 = AXIS2_PLACEMENT_3D ( 'NONE', #1096, #1196, #1280 ) ;
#845 = CARTESIAN_POINT ( 'NONE',  ( 3.464101615137741064, 6.000000000000029310, 29.00000000000000355 ) ) ;
#846 = ADVANCED_FACE ( 'NONE', ( #285, #730 ), #304, .T. ) ;
#847 = EDGE_CURVE ( 'NONE', #785, #1235, #313, .T. ) ;
#848 = CARTESIAN_POINT ( 'NONE',  ( -1.639105717703319254, 2.512765676479033150, 5.218653892137506745 ) ) ;
#849 = ORIENTED_EDGE ( 'NONE', *, *, #777, .F. ) ;
#850 = CARTESIAN_POINT ( 'NONE',  ( 1.019636180975307171, 2.826033667147183515, 16.31426757987288667 ) ) ;
#851 = DIRECTION ( 'NONE',  ( -0.000000000000000000, -0.000000000000000000, -1.000000000000000000 ) ) ;
#852 =( NAMED_UNIT ( * ) SI_UNIT ( $, .STERADIAN. ) SOLID_ANGLE_UNIT ( ) );
#853 = DIRECTION ( 'NONE',  ( 0.000000000000000000, 0.000000000000000000, 1.000000000000000000 ) ) ;
#854 = ORIENTED_EDGE ( 'NONE', *, *, #446, .F. ) ;
#855 = ORIENTED_EDGE ( 'NONE', *, *, #610, .F. ) ;
#856 = CARTESIAN_POINT ( 'NONE',  ( 3.652394498001391376, -5.673867160176568447, 34.68829288286364232 ) ) ;
#857 = EDGE_CURVE ( 'NONE', #1222, #565, #739, .T. ) ;
#858 = DIRECTION ( 'NONE',  ( 1.982541115402065110E-16, -0.000000000000000000, -1.000000000000000000 ) ) ;
#859 = CARTESIAN_POINT ( 'NONE',  ( -6.928203230275524760, -2.211772431870429045E-14, 34.50000000000000000 ) ) ;
#860 = CARTESIAN_POINT ( 'NONE',  ( -0.4333549108796996285, 7.740441247619086695, 3.393465880516139066 ) ) ;
#861 = EDGE_LOOP ( 'NONE', ( #203, #1104, #649, #1078, #679, #117 ) ) ;
#862 = ADVANCED_FACE ( 'NONE', ( #1166 ), #276, .F. ) ;
#863 = CARTESIAN_POINT ( 'NONE',  ( 7.749999999999998224, 9.491012693391983843E-16, 28.69999999999999929 ) ) ;
#864 = CARTESIAN_POINT ( 'NONE',  ( 0.000000000000000000, 0.000000000000000000, 28.69999999999999929 ) ) ;
#865 = CARTESIAN_POINT ( 'NONE',  ( 3.844276302419766811, 5.341518125875951206, 34.85758156533238861 ) ) ;
#866 = AXIS2_PLACEMENT_3D ( 'NONE', #1227, #900, #222 ) ;
#867 = CARTESIAN_POINT ( 'NONE',  ( 0.2207720251009686330, 2.993806061803751195, 16.63881293541173534 ) ) ;
#868 = AXIS2_PLACEMENT_3D ( 'NONE', #408, #499, #618 ) ;
#869 = ADVANCED_FACE ( 'NONE', ( #732 ), #1171, .F. ) ;
#870 = CARTESIAN_POINT ( 'NONE',  ( 1.649999999999998357, 0.000000000000000000, 26.81116183568721212 ) ) ;
#871 =( LENGTH_UNIT ( ) NAMED_UNIT ( * ) SI_UNIT ( .MILLI., .METRE. ) );
#872 = CARTESIAN_POINT ( 'NONE',  ( -1.606826347777807529, 7.582072552132929744, 4.566798183782879939 ) ) ;
#873 = VERTEX_POINT ( 'NONE', #993 ) ;
#874 = DIRECTION ( 'NONE',  ( 1.000000000000000000, 0.000000000000000000, 0.000000000000000000 ) ) ;
#875 = DIRECTION ( 'NONE',  ( -1.000000000000000000, 0.000000000000000000, 0.000000000000000000 ) ) ;
#876 = ORIENTED_EDGE ( 'NONE', *, *, #798, .T. ) ;
#877 = AXIS2_PLACEMENT_3D ( 'NONE', #165, #604, #214 ) ;
#878 = ORIENTED_EDGE ( 'NONE', *, *, #847, .T. ) ;
#879 =( LENGTH_UNIT ( ) NAMED_UNIT ( * ) SI_UNIT ( .MILLI., .METRE. ) );
#880 = EDGE_CURVE ( 'NONE', #53, #1034, #890, .T. ) ;
#881 = CARTESIAN_POINT ( 'NONE',  ( -2.999999999999993783, 0.000000000000000000, 26.00000000000000355 ) ) ;
#882 = EDGE_CURVE ( 'NONE', #426, #1114, #1068, .T. ) ;
#883 = CARTESIAN_POINT ( 'NONE',  ( 2.357787210814938782E-16, 7.749999999999998224, 16.64999999999999503 ) ) ;
#884 = CARTESIAN_POINT ( 'NONE',  ( -1.597426415347278805, 7.583613243772027168, 5.427035182424516435 ) ) ;
#885 = CARTESIAN_POINT ( 'NONE',  ( 0.000000000000000000, 0.000000000000000000, 0.2999999999999991007 ) ) ;
#886 = DIRECTION ( 'NONE',  ( -1.000000000000000000, 0.000000000000000000, 0.000000000000000000 ) ) ;
#887 = DIRECTION ( 'NONE',  ( -0.8571673007021110013, 0.000000000000000000, -0.5150380749100563760 ) ) ;
#888 = PRODUCT_DEFINITION ( 'UNKNOWN', '', #1001, #1297 ) ;
#889 = CARTESIAN_POINT ( 'NONE',  ( -6.349603415350525637, -1.002164276700019396, 35.00000000000000000 ) ) ;
#890 = B_SPLINE_CURVE_WITH_KNOTS ( 'NONE', 3,
 ( #967, #816, #1286, #687 ),
 .UNSPECIFIED., .F., .F.,
 ( 4, 4 ),
 ( 0.005835091853001374111, 0.007096632735174735612 ),
 .UNSPECIFIED. ) ;
#891 = PRESENTATION_LAYER_ASSIGNMENT (  '', '', ( #1064 ) ) ;
#892 = CARTESIAN_POINT ( 'NONE',  ( -1.650049497062934467, 7.572307221701091606, 15.10815675784276202 ) ) ;
#893 = EDGE_CURVE ( 'NONE', #832, #783, #1259, .T. ) ;
#894 = DIRECTION ( 'NONE',  ( 0.000000000000000000, 0.000000000000000000, 1.000000000000000000 ) ) ;
#895 =( LENGTH_UNIT ( ) NAMED_UNIT ( * ) SI_UNIT ( .MILLI., .METRE. ) );
#896 = DIRECTION ( 'NONE',  ( 1.982541115402065110E-16, -0.000000000000000000, -1.000000000000000000 ) ) ;
#897 = DIRECTION ( 'NONE',  ( -0.4999999999999997780, -0.8660254037844387076, 0.000000000000000000 ) ) ;
#898 = FILL_AREA_STYLE ('',( #740 ) ) ;
#899 = CARTESIAN_POINT ( 'NONE',  ( 0.8285118651557432656, 7.706110748957073930, 13.56905766654870504 ) ) ;
#900 = DIRECTION ( 'NONE',  ( 1.982541115402065110E-16, -0.000000000000000000, -1.000000000000000000 ) ) ;
#901 = CARTESIAN_POINT ( 'NONE',  ( -2.306901985287758805, 6.000000000000005329, 35.00000000000000000 ) ) ;
#902 = DIRECTION ( 'NONE',  ( 1.000000000000000000, 4.131365146527196852E-15, 0.000000000000000000 ) ) ;
#903 = CARTESIAN_POINT ( 'NONE',  ( -1.012789066607280297, 2.825405681287050719, 6.306973184360057161 ) ) ;
#904 = EDGE_CURVE ( 'NONE', #995, #669, #195, .T. ) ;
#905 =( LENGTH_UNIT ( ) NAMED_UNIT ( * ) SI_UNIT ( .MILLI., .METRE. ) );
#906 = CARTESIAN_POINT ( 'NONE',  ( -6.839766848137125566E-15, 0.000000000000000000, 34.50000000000000000 ) ) ;
#907 = B_SPLINE_CURVE_WITH_KNOTS ( 'NONE', 3,
 ( #1228, #1127, #416, #1208, #213, #727, #711, #309, #1220, #765, #1304, #1315, #802, #646, #1041, #986, #1298, #54, #997, #188, #397, #825, #201, #507, #490, #602, #720, #1010 ),
 .UNSPECIFIED., .F., .F.,
 ( 4, 2, 2, 2, 2, 2, 2, 2, 2, 2, 2, 2, 2, 4 ),
 ( 0.005270371729940885770, 0.005598963372742040562, 0.005927555015543195353, 0.006256146658344350145, 0.006584738301145505804, 0.007241921586747815387, 0.007899104872350126705, 0.008227696515151278894, 0.008556288157952431084, 0.008884879800753583273, 0.009213471443554735463, 0.009542063086355887652, 0.009870654729157039842, 0.01052783801475934249 ),
 .UNSPECIFIED. ) ;
#908 = CARTESIAN_POINT ( 'NONE',  ( -1.595868723535671441, 2.540445220023347606, 5.433220608460885614 ) ) ;
#909 = CARTESIAN_POINT ( 'NONE',  ( -1.431102031365149907, 7.616963114346789077, 14.17176293626536498 ) ) ;
#910 = DIRECTION ( 'NONE',  ( -0.000000000000000000, 1.000000000000000000, -0.000000000000000000 ) ) ;
#911 = AXIS2_PLACEMENT_3D ( 'NONE', #284, #492, #1095 ) ;
#912 = ORIENTED_EDGE ( 'NONE', *, *, #143, .F. ) ;
#913 = VERTEX_POINT ( 'NONE', #475 ) ;
#914 = ADVANCED_FACE ( 'NONE', ( #291, #61 ), #767, .F. ) ;
#915 = ORIENTED_EDGE ( 'NONE', *, *, #1271, .T. ) ;
#916 = CARTESIAN_POINT ( 'NONE',  ( 1.089957778737622673, 7.673363042849139504, 13.75652355293523676 ) ) ;
#917 = EDGE_CURVE ( 'NONE', #1034, #1288, #97, .T. ) ;
#918 = CARTESIAN_POINT ( 'NONE',  ( -1.649999999999998357, 2.020667218593130536E-16, 26.81116183568721212 ) ) ;
#919 = FILL_AREA_STYLE ('',( #225 ) ) ;
#920 = CARTESIAN_POINT ( 'NONE',  ( -6.938893903907228378E-15, 0.000000000000000000, 35.00000000000000000 ) ) ;
#921 = ORIENTED_EDGE ( 'NONE', *, *, #191, .F. ) ;
#922 = ADVANCED_FACE ( 'NONE', ( #547, #933 ), #1251, .T. ) ;
#923 = ORIENTED_EDGE ( 'NONE', *, *, #736, .F. ) ;
#924 = CARTESIAN_POINT ( 'NONE',  ( 1.441182325954806220, 7.615291096798018522, 4.167866795447320527 ) ) ;
#925 = CARTESIAN_POINT ( 'NONE',  ( 1.562589274753150681, 2.561372922721061318, 15.54062700609546077 ) ) ;
#926 = ORIENTED_EDGE ( 'NONE', *, *, #1112, .F. ) ;
#927 = ORIENTED_EDGE ( 'NONE', *, *, #1320, .F. ) ;
#928 = PRODUCT_DEFINITION_SHAPE ( 'NONE', 'NONE',  #888 ) ;
#929 = AXIS2_PLACEMENT_3D ( 'NONE', #1328, #530, #270 ) ;
#930 = CARTESIAN_POINT ( 'NONE',  ( -4.042701430062745516, 4.997835723299970390, 35.00000000000000000 ) ) ;
#931 = CARTESIAN_POINT ( 'NONE',  ( 1.562589274753148683, 2.561372922721060430, 5.540627006095453666 ) ) ;
#932 = VERTEX_POINT ( 'NONE', #1334 ) ;
#933 = FACE_BOUND ( 'NONE', #548, .T. ) ;
#934 = EDGE_CURVE ( 'NONE', #947, #44, #11, .T. ) ;
#935 = ORIENTED_EDGE ( 'NONE', *, *, #1069, .T. ) ;
#936 = CARTESIAN_POINT ( 'NONE',  ( 4.042701430062758838, -4.997835723299948185, 35.00000000000000000 ) ) ;
#937 = CARTESIAN_POINT ( 'NONE',  ( 0.5406497653967585748, 2.952624058825102260, 13.43738715976535936 ) ) ;
#938 = CONICAL_SURFACE ( 'NONE', #351, 2.999999999999996003, 0.7853981633974482790 ) ;
#939 = DIRECTION ( 'NONE',  ( -1.000000000000000000, 0.000000000000000000, 0.000000000000000000 ) ) ;
#940 = CARTESIAN_POINT ( 'NONE',  ( 0.8398737079879319278, 2.887247100089995744, 6.436608776209981286 ) ) ;
#941 = DIRECTION ( 'NONE',  ( -0.4999999999999996114, 0.8660254037844388186, 0.000000000000000000 ) ) ;
#942 = VECTOR ( 'NONE', #461, 1000.000000000000114 ) ;
#943 = FACE_OUTER_BOUND ( 'NONE', #510, .T. ) ;
#944 = CIRCLE ( 'NONE', #761, 3.299999999999997158 ) ;
#945 = CARTESIAN_POINT ( 'NONE',  ( -6.938893903907228378E-15, 0.000000000000000000, 35.00000000000000000 ) ) ;
#946 = CARTESIAN_POINT ( 'NONE',  ( 0.000000000000000000, 0.000000000000000000, 28.69999999999999929 ) ) ;
#947 = VERTEX_POINT ( 'NONE', #1173 ) ;
#948 = FACE_BOUND ( 'NONE', #328, .T. ) ;
#949 = DIRECTION ( 'NONE',  ( -1.000000000000000000, 0.000000000000000000, 0.000000000000000000 ) ) ;
#950 = DIRECTION ( 'NONE',  ( 1.000000000000000000, 0.000000000000000000, 0.000000000000000000 ) ) ;
#951 = ADVANCED_FACE ( 'NONE', ( #973 ), #42, .T. ) ;
#952 = DIRECTION ( 'NONE',  ( 0.000000000000000000, 0.000000000000000000, 1.000000000000000000 ) ) ;
#953 = EDGE_CURVE ( 'NONE', #1114, #995, #517, .T. ) ;
#954 = LINE ( 'NONE', #863, #962 ) ;
#955 = CARTESIAN_POINT ( 'NONE',  ( 4.336808689942017736E-16, 7.750000000000011546, 6.649999999999994138 ) ) ;
#956 = PLANE ( 'NONE',  #659 ) ;
#957 = CARTESIAN_POINT ( 'NONE',  ( -2.999999999999996003, 0.000000000000000000, 0.3000000000000012101 ) ) ;
#958 = CARTESIAN_POINT ( 'NONE',  ( -1.649900491107522571, 7.572339689935973617, 4.781429010291806669 ) ) ;
#959 = ADVANCED_FACE ( 'NONE', ( #83 ), #938, .F. ) ;
#960 = CYLINDRICAL_SURFACE ( 'NONE', #394, 1.649999999999998357 ) ;
#961 = AXIS2_PLACEMENT_3D ( 'NONE', #1031, #858, #939 ) ;
#962 = VECTOR ( 'NONE', #1075, 999.9999999999998863 ) ;
#963 = ORIENTED_EDGE ( 'NONE', *, *, #460, .T. ) ;
#964 = CARTESIAN_POINT ( 'NONE',  ( -3.464101615137754386, 6.000000000000000888, 35.00000000000000000 ) ) ;
#965 = CARTESIAN_POINT ( 'NONE',  ( -2.306901985287758805, 6.000000000000005329, 35.00000000000000000 ) ) ;
#966 = LINE ( 'NONE', #707, #78 ) ;
#967 = CARTESIAN_POINT ( 'NONE',  ( 6.928203230275511437, 8.673617379884035472E-16, 34.50000000000000000 ) ) ;
#968 = DIRECTION ( 'NONE',  ( 0.4999999999999998890, 0.8660254037844387076, 0.000000000000000000 ) ) ;
#969 = EDGE_CURVE ( 'NONE', #27, #131, #550, .T. ) ;
#970 = CARTESIAN_POINT ( 'NONE',  ( 0.000000000000000000, 0.000000000000000000, 26.00000000000000355 ) ) ;
#971 = LINE ( 'NONE', #326, #56 ) ;
#972 = ORIENTED_EDGE ( 'NONE', *, *, #264, .T. ) ;
#973 = FACE_OUTER_BOUND ( 'NONE', #99, .T. ) ;
#974 =( NAMED_UNIT ( * ) PLANE_ANGLE_UNIT ( ) SI_UNIT ( $, .RADIAN. ) );
#975 = CARTESIAN_POINT ( 'NONE',  ( 0.000000000000000000, 0.000000000000000000, 0.000000000000000000 ) ) ;
#976 = EDGE_LOOP ( 'NONE', ( #368, #806, #821, #287 ) ) ;
#977 = PRESENTATION_STYLE_ASSIGNMENT (( #537 ) ) ;
#978 = DIRECTION ( 'NONE',  ( -0.000000000000000000, -0.000000000000000000, -1.000000000000000000 ) ) ;
#979 = CARTESIAN_POINT ( 'NONE',  ( -0.8325222769889634167, 7.707726775616336568, 6.440697712463638425 ) ) ;
#980 = COLOUR_RGB ( '',0.6470588235294117974, 0.6196078431372549211, 0.5843137254901961120 ) ;
#981 = EDGE_LOOP ( 'NONE', ( #935, #984, #505 ) ) ;
#982 = ORIENTED_EDGE ( 'NONE', *, *, #387, .F. ) ;
#983 = AXIS2_PLACEMENT_3D ( 'NONE', #300, #391, #79 ) ;
#984 = ORIENTED_EDGE ( 'NONE', *, *, #684, .T. ) ;
#985 = COLOUR_RGB ( '',0.6470588235294117974, 0.6196078431372549211, 0.5843137254901961120 ) ;
#986 = CARTESIAN_POINT ( 'NONE',  ( -1.595868723535671219, 2.540445220023348494, 15.43322060846088739 ) ) ;
#987 = AXIS2_PLACEMENT_3D ( 'NONE', #1333, #766, #886 ) ;
#988 = CARTESIAN_POINT ( 'NONE',  ( 4.042701430062758838, -4.997835723299948185, 35.00000000000000000 ) ) ;
#989 = CARTESIAN_POINT ( 'NONE',  ( 3.088092036638467874, 6.000000000000027534, 34.68800478924963926 ) ) ;
#990 = ORIENTED_EDGE ( 'NONE', *, *, #1008, .F. ) ;
#991 = EDGE_CURVE ( 'NONE', #913, #363, #554, .T. ) ;
#992 = ORIENTED_EDGE ( 'NONE', *, *, #777, .T. ) ;
#993 = CARTESIAN_POINT ( 'NONE',  ( 4.042701430062758838, 4.997835723299948185, 35.00000000000000000 ) ) ;
#994 = CARTESIAN_POINT ( 'NONE',  ( 2.367687963076832049E-16, 2.999999999999996003, 6.649999999999995026 ) ) ;
#995 = VERTEX_POINT ( 'NONE', #693 ) ;
#996 = ORIENTED_EDGE ( 'NONE', *, *, #483, .T. ) ;
#997 = CARTESIAN_POINT ( 'NONE',  ( -1.429382683240226992, 2.638423522223632300, 15.83103593419418331 ) ) ;
#998 = CARTESIAN_POINT ( 'NONE',  ( -6.428203230275528313, 0.000000000000000000, 35.00000000000000000 ) ) ;
#999 = CARTESIAN_POINT ( 'NONE',  ( -6.349603415350522972, 1.002164276700027834, 35.00000000000000000 ) ) ;
#1000 = ORIENTED_EDGE ( 'NONE', *, *, #43, .F. ) ;
#1001 = PRODUCT_DEFINITION_FORMATION_WITH_SPECIFIED_SOURCE ( 'ANY', '', #337, .NOT_KNOWN. ) ;
#1002 = DIRECTION ( 'NONE',  ( 1.982541115402065110E-16, -0.000000000000000000, -1.000000000000000000 ) ) ;
#1003 = CARTESIAN_POINT ( 'NONE',  ( 0.000000000000000000, 0.000000000000000000, 0.000000000000000000 ) ) ;
#1004 = ORIENTED_EDGE ( 'NONE', *, *, #415, .T. ) ;
#1005 = AXIS2_PLACEMENT_3D ( 'NONE', #975, #712, #190 ) ;
#1006 = CARTESIAN_POINT ( 'NONE',  ( 1.091180548826391483, 7.673181353640624813, 16.24231164680440642 ) ) ;
#1007 = CARTESIAN_POINT ( 'NONE',  ( -1.311688884070866701, 7.638432586656891843, 13.99327167054555154 ) ) ;
#1008 = EDGE_CURVE ( 'NONE', #1034, #873, #36, .T. ) ;
#1009 = CIRCLE ( 'NONE', #987, 6.428203230275520319 ) ;
#1010 = CARTESIAN_POINT ( 'NONE',  ( 1.049072565543747462E-15, 2.999999999999996003, 16.64999999999999503 ) ) ;
#1011 = CARTESIAN_POINT ( 'NONE',  ( 3.464101615137741064, 6.000000000000029310, 35.00000000000000000 ) ) ;
#1012 = VERTEX_POINT ( 'NONE', #772 ) ;
#1013 = CARTESIAN_POINT ( 'NONE',  ( 0.000000000000000000, 0.000000000000000000, 0.000000000000000000 ) ) ;
#1014 = FACE_OUTER_BOUND ( 'NONE', #120, .T. ) ;
#1015 = CARTESIAN_POINT ( 'NONE',  ( -1.563978234127659128, 2.560535299216434524, 5.536908936680682736 ) ) ;
#1016 = CARTESIAN_POINT ( 'NONE',  ( 0.000000000000000000, 0.000000000000000000, 29.00000000000000355 ) ) ;
#1017 = ORIENTED_EDGE ( 'NONE', *, *, #1156, .T. ) ;
#1018 =( NAMED_UNIT ( * ) PLANE_ANGLE_UNIT ( ) SI_UNIT ( $, .RADIAN. ) );
#1019 = EDGE_LOOP ( 'NONE', ( #77, #593, #569, #1000, #815, #112, #1027, #996, #533, #596, #197, #1100, #1056 ) ) ;
#1020 = PRESENTATION_LAYER_ASSIGNMENT (  '', '', ( #425 ) ) ;
#1021 = PRESENTATION_STYLE_ASSIGNMENT (( #194 ) ) ;
#1022 = EDGE_LOOP ( 'NONE', ( #626, #675, #187, #148 ) ) ;
#1023 = EDGE_CURVE ( 'NONE', #681, #1301, #954, .T. ) ;
#1024 = VECTOR ( 'NONE', #323, 1000.000000000000114 ) ;
#1025 = VERTEX_POINT ( 'NONE', #682 ) ;
#1026 = CARTESIAN_POINT ( 'NONE',  ( -1.480093234309655559, 2.609922020503534501, 5.737308036619318763 ) ) ;
#1027 = ORIENTED_EDGE ( 'NONE', *, *, #801, .F. ) ;
#1028 = CARTESIAN_POINT ( 'NONE',  ( -1.597426415347278805, 7.583613243772029833, 15.42703518242451821 ) ) ;
#1029 = EDGE_CURVE ( 'NONE', #1012, #932, #944, .T. ) ;
#1030 = ORIENTED_EDGE ( 'NONE', *, *, #168, .T. ) ;
#1031 = CARTESIAN_POINT ( 'NONE',  ( -6.839766848137125566E-15, 0.000000000000000000, 34.50000000000000000 ) ) ;
#1032 = AXIS2_PLACEMENT_3D ( 'NONE', #885, #894, #1120 ) ;
#1033 = VERTEX_POINT ( 'NONE', #1284 ) ;
#1034 = VERTEX_POINT ( 'NONE', #32 ) ;
#1035 = CARTESIAN_POINT ( 'NONE',  ( 0.1093563770430471260, 7.750000000000013323, 6.649999999999994138 ) ) ;
#1036 = ORIENTED_EDGE ( 'NONE', *, *, #24, .F. ) ;
#1037 = CARTESIAN_POINT ( 'NONE',  ( -1.090020415446347313, 7.673348595870957745, 13.75664913650602372 ) ) ;
#1038 = ADVANCED_FACE ( 'NONE', ( #943 ), #64, .T. ) ;
#1039 = ORIENTED_EDGE ( 'NONE', *, *, #686, .F. ) ;
#1040 =( LENGTH_UNIT ( ) NAMED_UNIT ( * ) SI_UNIT ( .MILLI., .METRE. ) );
#1041 = CARTESIAN_POINT ( 'NONE',  ( -1.639105717703318588, 2.512765676479034482, 15.21865389213750852 ) ) ;
#1042 = DIRECTION ( 'NONE',  ( 1.982541115402065110E-16, -0.000000000000000000, -1.000000000000000000 ) ) ;
#1043 = AXIS2_PLACEMENT_3D ( 'NONE', #1115, #1002, #470 ) ;
#1044 = CIRCLE ( 'NONE', #1329, 2.999999999999993783 ) ;
#1045 = EDGE_CURVE ( 'NONE', #373, #581, #512, .T. ) ;
#1046 = B_SPLINE_CURVE_WITH_KNOTS ( 'NONE', 3,
 ( #691, #19, #860, #1108, #797, #1294, #388, #479, #145, #782, #590, #872, #958, #708, #184, #884, #450, #1097, #553, #472, #979, #737, #842, #51, #718, #829 ),
 .UNSPECIFIED., .F., .F.,
 ( 4, 2, 2, 2, 2, 2, 2, 2, 2, 2, 2, 2, 4 ),
 ( 0.005173487602631152496, 0.005820004327870401117, 0.006143262690490025428, 0.006466521053109649739, 0.006789779415729274049, 0.007113037778348898360, 0.007759554503588146981, 0.008082812866207770425, 0.008406071228827393868, 0.009052587954066637285, 0.009699104679305880702, 0.01002236304192550241, 0.01034562140454512412 ),
 .UNSPECIFIED. ) ;
#1047 = CARTESIAN_POINT ( 'NONE',  ( 1.649913832612910580, 7.572336782837002289, 5.216588826676685997 ) ) ;
#1048 = EDGE_CURVE ( 'NONE', #275, #843, #971, .T. ) ;
#1049 = CIRCLE ( 'NONE', #376, 1.649999999999999023 ) ;
#1050 = CARTESIAN_POINT ( 'NONE',  ( 0.000000000000000000, 0.000000000000000000, 35.00000000000000000 ) ) ;
#1051 = CIRCLE ( 'NONE', #1292, 2.999999999999993783 ) ;
#1052 = CARTESIAN_POINT ( 'NONE',  ( -6.928203230275507885, 3.469446951953613400E-15, 29.00000000000000355 ) ) ;
#1053 = CARTESIAN_POINT ( 'NONE',  ( 7.450000000000002842, 0.000000000000000000, 0.000000000000000000 ) ) ;
#1054 = FACE_OUTER_BOUND ( 'NONE', #861, .T. ) ;
#1055 = CONICAL_SURFACE ( 'NONE', #316, 2.999999999999993783, 1.029744258676651869 ) ;
#1056 = ORIENTED_EDGE ( 'NONE', *, *, #917, .F. ) ;
#1057 = LINE ( 'NONE', #1111, #1093 ) ;
#1058 = FACE_OUTER_BOUND ( 'NONE', #151, .T. ) ;
#1059 = DIRECTION ( 'NONE',  ( 0.000000000000000000, 0.000000000000000000, 1.000000000000000000 ) ) ;
#1060 = FACE_OUTER_BOUND ( 'NONE', #800, .T. ) ;
#1061 = CARTESIAN_POINT ( 'NONE',  ( 0.2193089102322998973, 2.993936784461524780, 13.36094759175604096 ) ) ;
#1062 = LINE ( 'NONE', #833, #1024 ) ;
#1063 = PRESENTATION_STYLE_ASSIGNMENT (( #541 ) ) ;
#1064 = STYLED_ITEM ( 'NONE', ( #977 ), #1186 ) ;
#1065 = ORIENTED_EDGE ( 'NONE', *, *, #1045, .F. ) ;
#1066 = CARTESIAN_POINT ( 'NONE',  ( -3.464101615137754386, 6.000000000000000888, 35.00000000000000000 ) ) ;
#1067 = DIRECTION ( 'NONE',  ( -0.7071067811865474617, 0.000000000000000000, -0.7071067811865474617 ) ) ;
#1068 = B_SPLINE_CURVE_WITH_KNOTS ( 'NONE', 3,
 ( #1293, #1123, #59, #193, #431, #631, #1231, #523, #406, #735, #503, #1149, #221, #743, #848, #908, #1015, #1026, #762, #324, #1318, #1237, #903, #1141, #76, #641, #342, #994 ),
 .UNSPECIFIED., .F., .F.,
 ( 4, 2, 2, 2, 2, 2, 2, 2, 2, 2, 2, 2, 2, 4 ),
 ( 0.005270371729940887505, 0.005598963372742040562, 0.005927555015543193619, 0.006256146658344346675, 0.006584738301145500600, 0.007241921586747806713, 0.007899104872350112827, 0.008227696515151268486, 0.008556288157952422410, 0.008884879800753576334, 0.009213471443554731993, 0.009542063086355884183, 0.009870654729157039842, 0.01052783801475934769 ),
 .UNSPECIFIED. ) ;
#1069 = EDGE_CURVE ( 'NONE', #363, #612, #93, .T. ) ;
#1070 = CYLINDRICAL_SURFACE ( 'NONE', #844, 1.649999999999998357 ) ;
#1071 = ORIENTED_EDGE ( 'NONE', *, *, #85, .T. ) ;
#1072 = VECTOR ( 'NONE', #1170, 1000.000000000000000 ) ;
#1073 = ORIENTED_EDGE ( 'NONE', *, *, #1214, .F. ) ;
#1074 =( GEOMETRIC_REPRESENTATION_CONTEXT ( 3 ) GLOBAL_UNCERTAINTY_ASSIGNED_CONTEXT ( ( #12 ) ) GLOBAL_UNIT_ASSIGNED_CONTEXT ( ( #1040, #132, #1330 ) ) REPRESENTATION_CONTEXT ( 'NONE', 'WORKASPACE' ) );
#1075 = DIRECTION ( 'NONE',  ( 0.7071067811865486830, 8.659560562354945184E-17, -0.7071067811865464625 ) ) ;
#1076 = VECTOR ( 'NONE', #1180, 1000.000000000000000 ) ;
#1077 = DIRECTION ( 'NONE',  ( -0.000000000000000000, -0.000000000000000000, 1.000000000000000000 ) ) ;
#1078 = ORIENTED_EDGE ( 'NONE', *, *, #473, .F. ) ;
#1079 = EDGE_LOOP ( 'NONE', ( #140, #1102, #192, #628, #1094, #438 ) ) ;
#1080 = DIRECTION ( 'NONE',  ( -0.000000000000000000, -0.000000000000000000, -1.000000000000000000 ) ) ;
#1081 = CARTESIAN_POINT ( 'NONE',  ( 0.5410488013257508388, 2.952568730812343833, 6.562513791906230409 ) ) ;
#1082 = FACE_OUTER_BOUND ( 'NONE', #1079, .T. ) ;
#1083 = ORIENTED_EDGE ( 'NONE', *, *, #560, .F. ) ;
#1084 = ORIENTED_EDGE ( 'NONE', *, *, #904, .T. ) ;
#1085 = CIRCLE ( 'NONE', #1295, 6.428203230275520319 ) ;
#1086 = ORIENTED_EDGE ( 'NONE', *, *, #789, .T. ) ;
#1087 = ADVANCED_FACE ( 'NONE', ( #525, #86, #948 ), #47, .F. ) ;
#1088 = DIRECTION ( 'NONE',  ( -1.000000000000000000, -4.131365146527196852E-15, 0.000000000000000000 ) ) ;
#1089 = LINE ( 'NONE', #281, #167 ) ;
#1090 = CARTESIAN_POINT ( 'NONE',  ( 0.1115233977348876054, 2.999999999999996003, 16.64999999999999858 ) ) ;
#1091 = VERTEX_POINT ( 'NONE', #177 ) ;
#1092 = AXIS2_PLACEMENT_3D ( 'NONE', #906, #598, #502 ) ;
#1093 = VECTOR ( 'NONE', #46, 1000.000000000000000 ) ;
#1094 = ORIENTED_EDGE ( 'NONE', *, *, #798, .F. ) ;
#1095 = DIRECTION ( 'NONE',  ( -1.000000000000000000, 0.000000000000000000, 0.000000000000000000 ) ) ;
#1096 = CARTESIAN_POINT ( 'NONE',  ( 0.000000000000000000, 0.000000000000000000, 35.00000000000000000 ) ) ;
#1097 = CARTESIAN_POINT ( 'NONE',  ( -1.441612271221713870, 7.615205240819959975, 5.831126588256346110 ) ) ;
#1098 = EDGE_LOOP ( 'NONE', ( #528, #1179, #742, #1258 ) ) ;
#1099 = SURFACE_STYLE_FILL_AREA ( #758 ) ;
#1100 = ORIENTED_EDGE ( 'NONE', *, *, #1214, .T. ) ;
#1101 = CARTESIAN_POINT ( 'NONE',  ( 1.006966953364760942, 7.684828712517081328, 3.688494976297013839 ) ) ;
#1102 = ORIENTED_EDGE ( 'NONE', *, *, #857, .T. ) ;
#1103 = ORIENTED_EDGE ( 'NONE', *, *, #880, .F. ) ;
#1104 = ORIENTED_EDGE ( 'NONE', *, *, #745, .T. ) ;
#1105 = ORIENTED_EDGE ( 'NONE', *, *, #1253, .F. ) ;
#1106 = CARTESIAN_POINT ( 'NONE',  ( 0.000000000000000000, 0.000000000000000000, 35.00000000000000000 ) ) ;
#1107 = SURFACE_STYLE_USAGE ( .BOTH. , #688 ) ;
#1108 = CARTESIAN_POINT ( 'NONE',  ( -0.7313343139533232673, 7.716059999630059174, 3.517025890247304165 ) ) ;
#1109 = VECTOR ( 'NONE', #321, 999.9999999999998863 ) ;
#1110 = DIRECTION ( 'NONE',  ( -0.000000000000000000, -0.000000000000000000, 1.000000000000000000 ) ) ;
#1111 = CARTESIAN_POINT ( 'NONE',  ( -3.464101615137761048, -5.999999999999997335, 29.00000000000000355 ) ) ;
#1112 = EDGE_CURVE ( 'NONE', #1091, #373, #58, .T. ) ;
#1113 = VECTOR ( 'NONE', #910, 1000.000000000000000 ) ;
#1114 = VERTEX_POINT ( 'NONE', #45 ) ;
#1115 = CARTESIAN_POINT ( 'NONE',  ( -6.938893903907228378E-15, 0.000000000000000000, 35.00000000000000000 ) ) ;
#1116 = DIRECTION ( 'NONE',  ( -1.000000000000000000, 0.000000000000000000, 0.000000000000000000 ) ) ;
#1117 =( NAMED_UNIT ( * ) SI_UNIT ( $, .STERADIAN. ) SOLID_ANGLE_UNIT ( ) );
#1118 = ORIENTED_EDGE ( 'NONE', *, *, #108, .F. ) ;
#1119 = VERTEX_POINT ( 'NONE', #65 ) ;
#1120 = DIRECTION ( 'NONE',  ( 1.000000000000000000, 0.000000000000000000, 0.000000000000000000 ) ) ;
#1121 =( NAMED_UNIT ( * ) PLANE_ANGLE_UNIT ( ) SI_UNIT ( $, .RADIAN. ) );
#1122 = PRESENTATION_STYLE_ASSIGNMENT (( #509 ) ) ;
#1123 = CARTESIAN_POINT ( 'NONE',  ( -0.1100208086732078622, 2.999999999999991562, 3.350000000000016520 ) ) ;
#1124 = CARTESIAN_POINT ( 'NONE',  ( 6.349603415350506985, -1.002164276700053369, 35.00000000000000000 ) ) ;
#1125 = CARTESIAN_POINT ( 'NONE',  ( 0.8274816586209918778, 7.706225437878917006, 16.43156640430358806 ) ) ;
#1126 = FACE_BOUND ( 'NONE', #1164, .T. ) ;
#1127 = CARTESIAN_POINT ( 'NONE',  ( -0.1100208086732068630, 2.999999999999991118, 13.35000000000001563 ) ) ;
#1128 = FACE_OUTER_BOUND ( 'NONE', #981, .T. ) ;
#1129 = PLANE ( 'NONE',  #774 ) ;
#1130 = DIRECTION ( 'NONE',  ( -0.000000000000000000, -0.000000000000000000, -1.000000000000000000 ) ) ;
#1131 = APPLICATION_PROTOCOL_DEFINITION ( 'draft international standard', 'automotive_design', 1998, #817 ) ;
#1132 = CARTESIAN_POINT ( 'NONE',  ( 0.7328224645426433259, 7.715925562365458568, 16.48228223304580098 ) ) ;
#1133 = DIRECTION ( 'NONE',  ( 1.000000000000000000, 0.000000000000000000, 0.000000000000000000 ) ) ;
#1134 = CYLINDRICAL_SURFACE ( 'NONE', #1005, 7.749999999999998224 ) ;
#1135 = DIRECTION ( 'NONE',  ( -0.000000000000000000, -0.000000000000000000, -1.000000000000000000 ) ) ;
#1136 = COLOUR_RGB ( '',0.6470588235294117974, 0.6196078431372549211, 0.5843137254901961120 ) ;
#1137 =( NAMED_UNIT ( * ) PLANE_ANGLE_UNIT ( ) SI_UNIT ( $, .RADIAN. ) );
#1138 = CARTESIAN_POINT ( 'NONE',  ( -6.928203230275524760, -2.211772431870429045E-14, 34.50000000000000000 ) ) ;
#1139 = SURFACE_STYLE_FILL_AREA ( #417 ) ;
#1140 = AXIS2_PLACEMENT_3D ( 'NONE', #484, #780, #1272 ) ;
#1141 = CARTESIAN_POINT ( 'NONE',  ( -0.8357346304728981989, 2.882742892579343685, 6.426698365283931125 ) ) ;
#1142 = FACE_OUTER_BOUND ( 'NONE', #582, .T. ) ;
#1143 = CYLINDRICAL_SURFACE ( 'NONE', #877, 1.649999999999993472 ) ;
#1144 = SURFACE_SIDE_STYLE ('',( #1139 ) ) ;
#1145 = EDGE_CURVE ( 'NONE', #147, #799, #907, .T. ) ;
#1146 = PRODUCT_CONTEXT ( 'NONE', #817, 'mechanical' ) ;
#1147 = ORIENTED_EDGE ( 'NONE', *, *, #1216, .F. ) ;
#1148 = CONICAL_SURFACE ( 'NONE', #378, 7.749999999999998224, 0.7853981633974497223 ) ;
#1149 = CARTESIAN_POINT ( 'NONE',  ( -1.603760028696113116, 2.537154243869394588, 4.557320191637042051 ) ) ;
#1150 = CARTESIAN_POINT ( 'NONE',  ( -0.5348563378916226796, 7.732162701671899896, 16.56460202860418818 ) ) ;
#1151 = FACE_OUTER_BOUND ( 'NONE', #1098, .T. ) ;
#1152 = CARTESIAN_POINT ( 'NONE',  ( 6.357472203814708820E-16, 7.749999999999998224, 3.350000000000007194 ) ) ;
#1153 = CIRCLE ( 'NONE', #911, 6.428203230275520319 ) ;
#1154 = CARTESIAN_POINT ( 'NONE',  ( 1.319848749700649915, 7.638359291437419429, 13.98636011658206257 ) ) ;
#1155 = CARTESIAN_POINT ( 'NONE',  ( -1.015975618718666151, 7.684645381253682572, 16.31766765684637122 ) ) ;
#1156 = EDGE_CURVE ( 'NONE', #369, #1025, #91, .T. ) ;
#1157 = LINE ( 'NONE', #1066, #757 ) ;
#1158 = CARTESIAN_POINT ( 'NONE',  ( -2.999999999999996003, 0.000000000000000000, 0.3000000000000012101 ) ) ;
#1159 = EDGE_CURVE ( 'NONE', #1033, #623, #34, .T. ) ;
#1160 = DIRECTION ( 'NONE',  ( -0.000000000000000000, 1.000000000000000000, -0.000000000000000000 ) ) ;
#1161 = VECTOR ( 'NONE', #48, 1000.000000000000000 ) ;
#1162 = CIRCLE ( 'NONE', #21, 7.749999999999998224 ) ;
#1163 = DIRECTION ( 'NONE',  ( 1.000000000000000000, 0.000000000000000000, -0.000000000000000000 ) ) ;
#1164 = EDGE_LOOP ( 'NONE', ( #549, #1247 ) ) ;
#1165 = CARTESIAN_POINT ( 'NONE',  ( 1.638753189643447961, 2.512996349567283350, 15.22110007676015542 ) ) ;
#1166 = FACE_OUTER_BOUND ( 'NONE', #585, .T. ) ;
#1167 = PRESENTATION_STYLE_ASSIGNMENT (( #8 ) ) ;
#1168 = DIRECTION ( 'NONE',  ( -0.000000000000000000, 1.000000000000000000, -0.000000000000000000 ) ) ;
#1169 = DIRECTION ( 'NONE',  ( 1.000000000000000000, 0.000000000000000000, 0.000000000000000000 ) ) ;
#1170 = DIRECTION ( 'NONE',  ( -0.000000000000000000, 1.000000000000000000, -0.000000000000000000 ) ) ;
#1171 = CONICAL_SURFACE ( 'NONE', #340, 2.999999999999993783, 1.029744258676651869 ) ;
#1172 = CIRCLE ( 'NONE', #1043, 6.428203230275520319 ) ;
#1173 = CARTESIAN_POINT ( 'NONE',  ( 3.464101615137760160, -6.000000000000001776, 34.50000000000000000 ) ) ;
#1174 = PLANE ( 'NONE',  #714 ) ;
#1175 = CIRCLE ( 'NONE', #1140, 7.450000000000002842 ) ;
#1176 = ORIENTED_EDGE ( 'NONE', *, *, #1241, .T. ) ;
#1177 = CARTESIAN_POINT ( 'NONE',  ( -3.464101615137761048, -5.999999999999997335, 35.00000000000000000 ) ) ;
#1178 = CARTESIAN_POINT ( 'NONE',  ( 1.649854393092053728, 2.505589852989886346, 5.112520889893296783 ) ) ;
#1179 = ORIENTED_EDGE ( 'NONE', *, *, #1205, .T. ) ;
#1180 = DIRECTION ( 'NONE',  ( -0.7071067811865434649, 8.659560562354884787E-17, 0.7071067811865516806 ) ) ;
#1181 = ORIENTED_EDGE ( 'NONE', *, *, #788, .T. ) ;
#1182 = CIRCLE ( 'NONE', #277, 7.749999999999998224 ) ;
#1183 = CARTESIAN_POINT ( 'NONE',  ( 0.000000000000000000, 0.000000000000000000, 0.000000000000000000 ) ) ;
#1184 = DIRECTION ( 'NONE',  ( -0.000000000000000000, -0.000000000000000000, -1.000000000000000000 ) ) ;
#1185 = COLOUR_RGB ( '',0.6470588235294117974, 0.6196078431372549211, 0.5843137254901961120 ) ;
#1186 = ADVANCED_FACE ( 'NONE', ( #81 ), #960, .F. ) ;
#1187 = AXIS2_PLACEMENT_3D ( 'NONE', #464, #273, #791 ) ;
#1188 = CARTESIAN_POINT ( 'NONE',  ( -3.464101615137751722, -6.000000000000014211, 34.50000000000000000 ) ) ;
#1189 = CYLINDRICAL_SURFACE ( 'NONE', #814, 1.649999999999993472 ) ;
#1190 = MECHANICAL_DESIGN_GEOMETRIC_PRESENTATION_REPRESENTATION (  '', ( #443 ), #643 ) ;
#1191 = LINE ( 'NONE', #403, #1161 ) ;
#1192 = ORIENTED_EDGE ( 'NONE', *, *, #7, .T. ) ;
#1193 = CARTESIAN_POINT ( 'NONE',  ( 3.464101615137760160, -6.000000000000001776, 34.50000000000000000 ) ) ;
#1194 = CARTESIAN_POINT ( 'NONE',  ( 0.000000000000000000, 0.000000000000000000, 26.00000000000000355 ) ) ;
#1195 = CARTESIAN_POINT ( 'NONE',  ( 0.000000000000000000, 0.000000000000000000, 28.69999999999999929 ) ) ;
#1196 = DIRECTION ( 'NONE',  ( -0.000000000000000000, -0.000000000000000000, 1.000000000000000000 ) ) ;
#1197 = DIRECTION ( 'NONE',  ( -1.000000000000000000, 0.000000000000000000, 0.000000000000000000 ) ) ;
#1198 = DIRECTION ( 'NONE',  ( -1.000000000000000000, 0.000000000000000000, 0.000000000000000000 ) ) ;
#1199 = CARTESIAN_POINT ( 'NONE',  ( 2.357787210814938782E-16, 7.749999999999998224, 16.64999999999999503 ) ) ;
#1200 = MECHANICAL_DESIGN_GEOMETRIC_PRESENTATION_REPRESENTATION (  '', ( #89 ), #831 ) ;
#1201 = DIRECTION ( 'NONE',  ( -0.000000000000000000, -0.000000000000000000, -1.000000000000000000 ) ) ;
#1202 =( NAMED_UNIT ( * ) PLANE_ANGLE_UNIT ( ) SI_UNIT ( $, .RADIAN. ) );
#1203 = CARTESIAN_POINT ( 'NONE',  ( -9.387126336351658552E-14, 3.000000000000522249, 13.34999999999905107 ) ) ;
#1204 = EDGE_CURVE ( 'NONE', #703, #932, #73, .T. ) ;
#1205 = EDGE_CURVE ( 'NONE', #147, #783, #966, .T. ) ;
#1206 = CARTESIAN_POINT ( 'NONE',  ( 0.000000000000000000, 0.000000000000000000, 0.000000000000000000 ) ) ;
#1207 = DIRECTION ( 'NONE',  ( -1.000000000000000000, 0.000000000000000000, 0.000000000000000000 ) ) ;
#1208 = CARTESIAN_POINT ( 'NONE',  ( -0.4358573088794180372, 2.970123971753374281, 13.40486014962417016 ) ) ;
#1209 = DIRECTION ( 'NONE',  ( -1.000000000000000000, 0.000000000000000000, 0.000000000000000000 ) ) ;
#1210 = CARTESIAN_POINT ( 'NONE',  ( 2.700924787477209765, 6.000000000000025757, 34.85859625900772585 ) ) ;
#1211 = AXIS2_PLACEMENT_3D ( 'NONE', #327, #896, #1306 ) ;
#1212 = EDGE_LOOP ( 'NONE', ( #87, #972 ) ) ;
#1213 = CARTESIAN_POINT ( 'NONE',  ( -6.928203230275507885, 3.469446951953613400E-15, 35.00000000000000000 ) ) ;
#1214 = EDGE_CURVE ( 'NONE', #44, #1288, #543, .T. ) ;
#1215 = UNCERTAINTY_MEASURE_WITH_UNIT (LENGTH_MEASURE( 1.000000000000000082E-05 ), #879, 'distance_accuracy_value', 'NONE');
#1216 = EDGE_CURVE ( 'NONE', #654, #681, #838, .T. ) ;
#1217 = B_SPLINE_CURVE_WITH_KNOTS ( 'NONE', 3,
 ( #1229, #989, #1210, #793 ),
 .UNSPECIFIED., .F., .F.,
 ( 4, 4 ),
 ( 0.005009730341086264700, 0.006262577370382483438 ),
 .UNSPECIFIED. ) ;
#1218 = CARTESIAN_POINT ( 'NONE',  ( 1.006618153437773389, 7.684878417251358229, 6.311803399314991125 ) ) ;
#1219 = STYLED_ITEM ( 'NONE', ( #1167 ), #750 ) ;
#1220 = CARTESIAN_POINT ( 'NONE',  ( -1.094344760371718017, 2.794446889067649042, 13.76063916823332356 ) ) ;
#1221 = DIRECTION ( 'NONE',  ( -0.8660254037844388186, -0.4999999999999996114, 0.000000000000000000 ) ) ;
#1222 = VERTEX_POINT ( 'NONE', #859 ) ;
#1223 = CARTESIAN_POINT ( 'NONE',  ( 7.449999999999992184, 9.307315673519877571E-16, 29.00000000000000355 ) ) ;
#1224 = DIRECTION ( 'NONE',  ( 1.000000000000000000, 0.000000000000000000, 0.000000000000000000 ) ) ;
#1225 = CARTESIAN_POINT ( 'NONE',  ( 1.606284805220717704, 7.582176928087783097, 15.43417476461839044 ) ) ;
#1226 = AXIS2_PLACEMENT_3D ( 'NONE', #133, #471, #1169 ) ;
#1227 = CARTESIAN_POINT ( 'NONE',  ( -6.839766848137125566E-15, 0.000000000000000000, 34.50000000000000000 ) ) ;
#1228 = CARTESIAN_POINT ( 'NONE',  ( -9.387126336351658552E-14, 3.000000000000522249, 13.34999999999905107 ) ) ;
#1229 = CARTESIAN_POINT ( 'NONE',  ( 3.464101615137756163, 6.000000000000003553, 34.50000000000000000 ) ) ;
#1230 = EDGE_CURVE ( 'NONE', #1114, #426, #760, .T. ) ;
#1231 = CARTESIAN_POINT ( 'NONE',  ( -0.8349517963229344808, 2.882962255405057572, 3.572866274912861684 ) ) ;
#1232 = EDGE_LOOP ( 'NONE', ( #427, #1282 ) ) ;
#1233 = CARTESIAN_POINT ( 'NONE',  ( 3.464101615137760160, -6.000000000000001776, 34.50000000000000000 ) ) ;
#1234 = EDGE_LOOP ( 'NONE', ( #1103, #577, #157, #1118, #166, #990 ) ) ;
#1235 = VERTEX_POINT ( 'NONE', #386 ) ;
#1236 = AXIS2_PLACEMENT_3D ( 'NONE', #588, #141, #292 ) ;
#1237 = CARTESIAN_POINT ( 'NONE',  ( -1.094020681311949517, 2.794577631445290589, 6.239660422460671541 ) ) ;
#1238 = ORIENTED_EDGE ( 'NONE', *, *, #251, .F. ) ;
#1239 = ORIENTED_EDGE ( 'NONE', *, *, #667, .F. ) ;
#1240 = CARTESIAN_POINT ( 'NONE',  ( -6.839766848137125566E-15, 0.000000000000000000, 34.50000000000000000 ) ) ;
#1241 = EDGE_CURVE ( 'NONE', #843, #1235, #357, .T. ) ;
#1242 = ORIENTED_EDGE ( 'NONE', *, *, #433, .T. ) ;
#1243 = FACE_OUTER_BOUND ( 'NONE', #71, .T. ) ;
#1244 = COLOUR_RGB ( '',0.6470588235294117974, 0.6196078431372549211, 0.5843137254901961120 ) ;
#1245 = CARTESIAN_POINT ( 'NONE',  ( 0.2168236411083430404, 7.747688165771389635, 6.639236404225353105 ) ) ;
#1246 = CARTESIAN_POINT ( 'NONE',  ( -1.242192424957685226, 7.650188308742625232, 13.90865960616369179 ) ) ;
#1247 = ORIENTED_EDGE ( 'NONE', *, *, #303, .F. ) ;
#1248 = ORIENTED_EDGE ( 'NONE', *, *, #610, .T. ) ;
#1249 = DIRECTION ( 'NONE',  ( 0.7071067811865474617, 8.659560562354932858E-17, -0.7071067811865474617 ) ) ;
#1250 = AXIS2_PLACEMENT_3D ( 'NONE', #1106, #706, #381 ) ;
#1251 = PLANE ( 'NONE',  #442 ) ;
#1252 = CARTESIAN_POINT ( 'NONE',  ( 1.649854393092053950, 2.505589852989885458, 15.11252088989329501 ) ) ;
#1253 = EDGE_CURVE ( 'NONE', #53, #444, #362, .T. ) ;
#1254 = ADVANCED_FACE ( 'NONE', ( #1243 ), #1070, .F. ) ;
#1255 = CARTESIAN_POINT ( 'NONE',  ( -3.652394498001385159, 5.673867160176577329, 34.68829288286364232 ) ) ;
#1256 = CARTESIAN_POINT ( 'NONE',  ( 6.349603415350506985, -1.002164276700053369, 35.00000000000000000 ) ) ;
#1257 = ORIENTED_EDGE ( 'NONE', *, *, #432, .T. ) ;
#1258 = ORIENTED_EDGE ( 'NONE', *, *, #106, .F. ) ;
#1259 = B_SPLINE_CURVE_WITH_KNOTS ( 'NONE', 3,
 ( #493, #725, #331, #1302, #88, #1132, #1125, #1323, #1006, #422, #1311, #1225, #211, #1327, #613, #820, #240, #751, #1154, #916, #835, #899, #414, #100, #233, #840, #336, #515 ),
 .UNSPECIFIED., .F., .F.,
 ( 4, 2, 2, 2, 2, 2, 2, 2, 2, 2, 2, 2, 2, 4 ),
 ( 7.279690780697263870E-19, 0.0003233429751644534820, 0.0006466859503289063135, 0.0009700289254933589823, 0.001293371900657811976, 0.001940057850986710809, 0.002586743801315605305, 0.002910086776480049191, 0.003233429751644493946, 0.003880115701973382153, 0.004203458677137825172, 0.004526801652302268192, 0.004850144627466711211, 0.005173487602631154231 ),
 .UNSPECIFIED. ) ;
#1260 = CARTESIAN_POINT ( 'NONE',  ( 0.8285118651557418223, 7.706110748957077483, 3.569057666548707264 ) ) ;
#1261 = CARTESIAN_POINT ( 'NONE',  ( 0.5410488013257512829, 2.952568730812344722, 16.56251379190623396 ) ) ;
#1262 = EDGE_LOOP ( 'NONE', ( #84, #544, #744, #82 ) ) ;
#1263 = SURFACE_SIDE_STYLE ('',( #307 ) ) ;
#1264 = CARTESIAN_POINT ( 'NONE',  ( 2.367687963076832049E-16, 2.999999999999996003, 6.649999999999995026 ) ) ;
#1265 = ADVANCED_FACE ( 'NONE', ( #1058 ), #1055, .F. ) ;
#1266 = DIRECTION ( 'NONE',  ( 6.259644161404825517E-16, 1.000000000000000000, -0.000000000000000000 ) ) ;
#1267 = EDGE_CURVE ( 'NONE', #1222, #591, #245, .T. ) ;
#1268 = CARTESIAN_POINT ( 'NONE',  ( 1.639230317641914958, 7.574687543019890335, 4.782989919927438827 ) ) ;
#1269 = DIRECTION ( 'NONE',  ( -0.000000000000000000, -0.000000000000000000, -1.000000000000000000 ) ) ;
#1270 = ORIENTED_EDGE ( 'NONE', *, *, #969, .F. ) ;
#1271 = EDGE_CURVE ( 'NONE', #623, #565, #1062, .T. ) ;
#1272 = DIRECTION ( 'NONE',  ( 1.000000000000000000, 0.000000000000000000, 0.000000000000000000 ) ) ;
#1273 = CARTESIAN_POINT ( 'NONE',  ( 1.437740858377011932, 2.634827023778600452, 4.162110726723254217 ) ) ;
#1274 = CARTESIAN_POINT ( 'NONE',  ( 6.928203230275509661, 0.000000000000000000, 29.00000000000000355 ) ) ;
#1275 = ADVANCED_FACE ( 'NONE', ( #156 ), #160, .T. ) ;
#1276 = DIRECTION ( 'NONE',  ( 0.000000000000000000, 0.000000000000000000, 1.000000000000000000 ) ) ;
#1277 = CARTESIAN_POINT ( 'NONE',  ( 1.438136015893540565, 2.634583603357218973, 15.83672934988748082 ) ) ;
#1278 = ORIENTED_EDGE ( 'NONE', *, *, #686, .T. ) ;
#1279 = AXIS2_PLACEMENT_3D ( 'NONE', #476, #178, #482 ) ;
#1280 = DIRECTION ( 'NONE',  ( 1.000000000000000000, 0.000000000000000000, 0.000000000000000000 ) ) ;
#1281 = MECHANICAL_DESIGN_GEOMETRIC_PRESENTATION_REPRESENTATION (  '', ( #282 ), #139 ) ;
#1282 = ORIENTED_EDGE ( 'NONE', *, *, #1029, .T. ) ;
#1283 = ORIENTED_EDGE ( 'NONE', *, *, #320, .T. ) ;
#1284 = CARTESIAN_POINT ( 'NONE',  ( 3.464101615137741064, 6.000000000000029310, 29.00000000000000355 ) ) ;
#1285 = CARTESIAN_POINT ( 'NONE',  ( -2.306901985287777457, -5.999999999999997335, 35.00000000000000000 ) ) ;
#1286 = CARTESIAN_POINT ( 'NONE',  ( 6.547654977355426453, 0.6591289087891567533, 34.85784968980861009 ) ) ;
#1287 = ORIENTED_EDGE ( 'NONE', *, *, #1320, .T. ) ;
#1288 = VERTEX_POINT ( 'NONE', #1124 ) ;
#1289 = DIRECTION ( 'NONE',  ( -0.000000000000000000, -0.000000000000000000, -1.000000000000000000 ) ) ;
#1290 = SURFACE_SIDE_STYLE ('',( #255 ) ) ;
#1291 = VECTOR ( 'NONE', #968, 1000.000000000000114 ) ;
#1292 = AXIS2_PLACEMENT_3D ( 'NONE', #1194, #15, #138 ) ;
#1293 = CARTESIAN_POINT ( 'NONE',  ( -9.473862448111952965E-14, 3.000000000000522249, 3.349999999999051070 ) ) ;
#1294 = CARTESIAN_POINT ( 'NONE',  ( -1.007178185221094591, 7.684806930309560080, 3.688609045507944995 ) ) ;
#1295 = AXIS2_PLACEMENT_3D ( 'NONE', #920, #1042, #1209 ) ;
#1296 = EDGE_CURVE ( 'NONE', #932, #1012, #153, .T. ) ;
#1297 = PRODUCT_DEFINITION_CONTEXT ( 'detailed design', #72, 'design' ) ;
#1298 = CARTESIAN_POINT ( 'NONE',  ( -1.563978234127658684, 2.560535299216435412, 15.53690893668067829 ) ) ;
#1299 =( NAMED_UNIT ( * ) SI_UNIT ( $, .STERADIAN. ) SOLID_ANGLE_UNIT ( ) );
#1300 = CARTESIAN_POINT ( 'NONE',  ( 1.503108958369874429E-15, 7.749999999999998224, 13.35000000000000853 ) ) ;
#1301 = VERTEX_POINT ( 'NONE', #49 ) ;
#1302 = CARTESIAN_POINT ( 'NONE',  ( 0.4281531419203524758, 7.738886825147480053, 16.59712033589986291 ) ) ;
#1303 = B_SPLINE_CURVE_WITH_KNOTS ( 'NONE', 3,
 ( #334, #1255, #746, #930 ),
 .UNSPECIFIED., .F., .F.,
 ( 4, 4 ),
 ( 0.005835091853001347223, 0.007096632735174677499 ),
 .UNSPECIFIED. ) ;
#1304 = CARTESIAN_POINT ( 'NONE',  ( -1.438432721970930084, 2.634408698587053621, 14.16398388368469696 ) ) ;
#1305 = CARTESIAN_POINT ( 'NONE',  ( -6.349603415350522972, 1.002164276700027834, 35.00000000000000000 ) ) ;
#1306 = DIRECTION ( 'NONE',  ( -1.000000000000000000, 0.000000000000000000, 0.000000000000000000 ) ) ;
#1307 = AXIS2_PLACEMENT_3D ( 'NONE', #716, #622, #329 ) ;
#1308 = DIRECTION ( 'NONE',  ( -0.000000000000000000, -0.000000000000000000, -1.000000000000000000 ) ) ;
#1309 = ORIENTED_EDGE ( 'NONE', *, *, #717, .T. ) ;
#1310 = AXIS2_PLACEMENT_3D ( 'NONE', #754, #1, #439 ) ;
#1311 = CARTESIAN_POINT ( 'NONE',  ( 1.441543151928124544, 7.615215767490686183, 15.83103065096513262 ) ) ;
#1312 = AXIS2_PLACEMENT_3D ( 'NONE', #1206, #1135, #1331 ) ;
#1313 = CARTESIAN_POINT ( 'NONE',  ( -0.4333549108796978522, 7.740441247619087584, 13.39346588051614084 ) ) ;
#1314 = UNCERTAINTY_MEASURE_WITH_UNIT (LENGTH_MEASURE( 1.000000000000000082E-05 ), #658, 'distance_accuracy_value', 'NONE');
#1315 = CARTESIAN_POINT ( 'NONE',  ( -1.603760028696112450, 2.537154243869395032, 14.55732019163704116 ) ) ;
#1316 = APPLICATION_PROTOCOL_DEFINITION ( 'draft international standard', 'automotive_design', 1998, #72 ) ;
#1317 = ORIENTED_EDGE ( 'NONE', *, *, #667, .T. ) ;
#1318 = CARTESIAN_POINT ( 'NONE',  ( -1.243048568814708821, 2.731551874828728632, 6.090169468349458270 ) ) ;
#1319 = DIRECTION ( 'NONE',  ( 0.4999999999999991118, -0.8660254037844391517, 0.000000000000000000 ) ) ;
#1320 = EDGE_CURVE ( 'NONE', #785, #275, #175, .T. ) ;
#1321 = ORIENTED_EDGE ( 'NONE', *, *, #880, .T. ) ;
#1322 = ORIENTED_EDGE ( 'NONE', *, *, #85, .F. ) ;
#1323 = CARTESIAN_POINT ( 'NONE',  ( 1.006618153437773611, 7.684878417251358229, 16.31180339931499290 ) ) ;
#1324 = DIRECTION ( 'NONE',  ( 1.982541115402065110E-16, -0.000000000000000000, -1.000000000000000000 ) ) ;
#1325 = CARTESIAN_POINT ( 'NONE',  ( -4.042701430062745516, 4.997835723299970390, 35.00000000000000000 ) ) ;
#1326 = ADVANCED_BREP_SHAPE_REPRESENTATION ( 'Hub-12-Eixo6_aluminio', ( #580, #181 ), #370 ) ;
#1327 = CARTESIAN_POINT ( 'NONE',  ( 1.650042887231718325, 7.572308661975844402, 14.89269173369140198 ) ) ;
#1328 = CARTESIAN_POINT ( 'NONE',  ( -3.464101615137754386, 6.000000000000000888, 35.00000000000000000 ) ) ;
#1329 = AXIS2_PLACEMENT_3D ( 'NONE', #970, #465, #1197 ) ;
#1330 =( NAMED_UNIT ( * ) SI_UNIT ( $, .STERADIAN. ) SOLID_ANGLE_UNIT ( ) );
#1331 = DIRECTION ( 'NONE',  ( -1.000000000000000000, 0.000000000000000000, 0.000000000000000000 ) ) ;
#1332 = ADVANCED_FACE ( 'NONE', ( #616 ), #128, .F. ) ;
#1333 = CARTESIAN_POINT ( 'NONE',  ( -6.938893903907228378E-15, 0.000000000000000000, 35.00000000000000000 ) ) ;
#1334 = CARTESIAN_POINT ( 'NONE',  ( -3.299999999999997158, 0.000000000000000000, 0.000000000000000000 ) ) ;
#1335 = CARTESIAN_POINT ( 'NONE',  ( 1.650142790199302878, 2.505399928507280993, 14.89179075353376014 ) ) ;
ENDSEC;
END-ISO-10303-21;
